muscle_group,weekly_training_time_min,sessions_per_week,avg_intensity_pct_1rm,training_age_years,muscle_growth_pct_8wk
Biceps,157.1,4,56.7,3.9,3.773
Biceps,93.4,4,90.4,4.8,5.552
Biceps,173.1,4,83.4,3.6,4.282
Biceps,142.5,1,61.9,7.2,2.925
Biceps,27.9,5,58.7,10.2,3.258
Biceps,195.4,3,62.3,3.4,4.051
Biceps,154.6,2,94.2,5.0,3.959
Biceps,159.4,3,73.3,14.0,2.478
Biceps,34.3,5,86.4,0.7,8.156
Biceps,95.6,5,80.5,6.9,2.861
Biceps,80.5,5,77.9,10.7,3.534
Biceps,186.1,3,60.8,2.3,2.711
Biceps,132.3,4,92.8,0.7,7.456
Biceps,166.3,2,67.1,2.1,4.83
Biceps,94.2,4,78.1,13.8,3.802
Biceps,53.2,4,83.0,0.1,11.326
Biceps,115.4,2,81.0,2.8,5.746
Biceps,22.1,2,92.6,0.5,4.901
Biceps,167.2,1,60.9,1.7,5.057
Biceps,130.0,1,75.3,9.3,2.601
Biceps,154.0,3,71.2,3.6,4.67
Biceps,77.4,3,74.0,8.5,4.923
Biceps,194.4,1,59.8,8.9,1.889
Biceps,179.7,3,60.4,12.7,2.525
Biceps,157.9,4,66.1,0.1,8.273
Biceps,47.0,2,67.2,12.8,2.267
Biceps,98.7,2,72.1,9.3,4.16
Biceps,18.3,2,79.4,2.4,4.364
Biceps,39.3,3,80.4,11.6,3.096
Biceps,139.8,2,71.5,12.8,2.061
Biceps,151.5,4,71.4,3.8,4.174
Biceps,193.8,2,63.7,13.8,1.554
Biceps,71.9,3,78.5,6.8,5.201
Biceps,80.4,2,67.7,9.1,3.045
Biceps,99.2,1,56.4,14.8,2.569
Biceps,46.0,4,71.7,5.4,4.002
Biceps,34.7,2,74.0,12.2,2.512
Biceps,100.4,2,64.0,4.8,4.903
Biceps,53.1,4,77.9,12.0,5.107
Biceps,137.3,5,77.6,9.0,2.54
Biceps,93.1,4,83.1,3.2,8.145
Biceps,168.2,5,80.9,6.2,3.757
Biceps,143.1,5,81.1,4.8,4.967
Biceps,69.3,3,67.6,1.2,8.288
Biceps,168.1,4,86.5,0.4,7.168
Biceps,162.9,2,77.0,5.2,3.533
Biceps,83.6,3,72.3,0.3,11.138
Biceps,64.8,3,80.0,2.5,6.365
Biceps,139.7,5,69.4,10.9,3.745
Biceps,36.6,5,75.5,10.6,2.863
Biceps,48.0,3,84.5,11.1,3.272
Biceps,11.4,4,90.5,4.8,1.895
Biceps,159.5,2,91.8,13.4,2.351
Biceps,136.3,5,75.1,8.9,4.477
Biceps,144.0,3,75.8,1.9,5.803
Biceps,158.3,3,87.0,2.2,5.094
Biceps,97.2,4,67.6,10.4,2.937
Biceps,118.1,4,88.5,2.6,6.069
Biceps,36.6,1,74.8,7.6,2.27
Biceps,31.8,2,59.6,14.9,1.731
Biceps,137.0,1,57.9,0.1,6.795
Biceps,99.5,4,88.7,0.2,11.005
Biceps,117.4,1,57.2,14.9,3.547
Biceps,155.3,2,66.2,8.8,2.538
Biceps,130.6,3,68.4,1.9,7.736
Biceps,115.2,4,61.9,13.5,3.087
Biceps,116.2,3,67.6,13.2,2.731
Biceps,67.8,5,84.7,8.0,4.865
Biceps,15.9,5,55.6,9.3,2.192
Biceps,93.0,1,88.1,4.1,4.941
Biceps,50.8,5,89.3,0.8,7.765
Biceps,87.6,4,69.9,8.9,3.114
Biceps,172.1,4,61.1,4.4,2.968
Biceps,54.4,1,79.0,10.0,3.613
Biceps,21.1,4,59.8,12.5,2.092
Biceps,63.5,4,69.6,0.3,8.703
Biceps,65.8,3,93.3,8.9,3.952
Biceps,135.8,1,94.8,3.5,4.956
Biceps,115.8,3,85.9,13.1,2.923
Biceps,158.9,5,67.4,3.8,4.127
Biceps,136.2,4,82.5,9.2,4.306
Biceps,87.2,1,83.2,8.3,4.657
Biceps,164.7,5,70.5,5.9,4.156
Biceps,41.7,5,80.6,10.2,4.183
Biceps,14.3,1,55.4,10.9,1.994
Biceps,27.1,5,63.4,8.5,3.937
Biceps,147.2,3,76.0,11.4,3.096
Biceps,97.8,3,61.6,14.8,3.09
Biceps,40.6,3,61.6,6.3,4.679
Biceps,105.2,4,88.5,7.7,3.394
Biceps,38.9,5,94.6,0.2,9.139
Biceps,142.3,4,77.2,11.9,2.107
Biceps,94.8,5,88.6,7.8,3.677
Biceps,82.4,5,94.6,6.1,6.115
Biceps,67.3,1,60.7,1.4,7.719
Biceps,129.8,2,72.9,13.3,3.277
Biceps,78.7,4,70.7,5.9,5.066
Biceps,26.7,3,58.2,10.2,2.058
Biceps,32.4,1,85.2,2.2,4.763
Biceps,192.8,1,72.4,14.4,1.673
Biceps,182.6,3,73.8,2.7,4.538
Biceps,142.9,4,61.0,3.0,6.576
Biceps,60.5,1,62.2,12.9,2.543
Biceps,194.1,1,91.3,13.7,1.778
Biceps,158.0,1,56.8,3.2,3.306
Biceps,146.2,3,64.3,7.0,3.909
Biceps,95.4,1,66.7,11.0,2.96
Biceps,61.7,3,74.6,13.2,2.696
Biceps,28.3,3,78.5,5.7,3.727
Biceps,181.5,3,74.7,7.8,2.808
Biceps,96.6,4,58.4,11.1,3.327
Biceps,48.4,3,64.7,11.0,4.488
Biceps,68.1,4,88.7,11.7,3.56
Biceps,120.1,4,80.5,8.5,3.693
Biceps,43.6,5,81.0,1.6,4.69
Biceps,172.8,4,81.8,13.6,1.862
Biceps,154.1,3,85.5,13.0,2.289
Biceps,146.7,3,57.3,12.0,2.224
Biceps,92.1,2,69.7,1.5,8.619
Biceps,129.2,3,76.6,3.1,5.34
Biceps,121.0,1,68.5,11.2,3.406
Biceps,133.5,5,88.8,0.3,7.813
Biceps,26.0,5,74.3,14.7,2.287
Biceps,89.0,1,85.7,5.7,4.231
Biceps,17.9,4,89.1,10.8,2.221
Biceps,103.9,1,75.2,13.3,3.481
Biceps,72.7,4,91.4,5.9,3.087
Biceps,37.5,1,78.5,4.8,2.599
Biceps,29.6,3,89.0,9.1,2.736
Biceps,121.7,4,68.6,8.7,3.813
Biceps,42.4,4,75.0,6.1,5.336
Biceps,185.8,3,76.3,9.0,2.876
Biceps,120.4,5,59.2,14.0,2.528
Biceps,75.9,4,70.9,7.0,5.835
Biceps,122.3,2,91.7,3.0,6.178
Biceps,14.3,4,80.2,5.7,2.846
Biceps,192.1,4,62.1,5.9,3.931
Biceps,101.6,2,68.6,2.0,6.694
Biceps,158.7,4,62.7,2.4,4.888
Biceps,25.7,5,56.0,10.3,3.142
Biceps,102.5,5,92.1,5.1,5.228
Biceps,103.2,4,72.9,14.3,2.987
Biceps,188.2,4,67.3,3.7,5.302
Biceps,118.6,2,78.9,1.5,3.676
Biceps,100.0,4,55.3,11.3,2.467
Biceps,60.7,2,66.1,13.2,2.226
Biceps,73.0,3,83.1,4.2,5.477
Biceps,108.9,2,80.4,3.0,5.308
Biceps,93.4,2,94.3,2.8,4.27
Biceps,14.1,1,79.8,7.8,1.46
Biceps,167.0,5,74.1,7.0,2.889
Biceps,180.3,1,85.5,3.9,5.1
Biceps,36.6,1,91.1,0.7,8.228
Biceps,115.3,5,83.8,7.2,3.91
Biceps,30.6,3,93.5,14.4,2.125
Biceps,137.7,3,86.3,9.8,2.399
Biceps,63.4,4,89.7,7.4,3.049
Biceps,135.3,2,59.6,1.7,5.624
Biceps,148.1,1,84.3,3.8,3.326
Biceps,156.0,4,72.6,4.4,4.506
Biceps,30.5,1,77.1,11.5,1.583
Biceps,184.0,3,81.2,13.2,1.734
Biceps,53.7,5,93.8,13.5,3.157
Biceps,17.1,5,94.4,14.8,1.847
Biceps,115.4,2,66.5,14.7,2.668
Biceps,80.5,4,84.4,14.3,2.341
Biceps,167.7,4,85.0,1.1,7.064
Biceps,163.6,3,68.9,2.1,4.502
Biceps,70.3,1,60.0,4.6,5.423
Biceps,191.1,2,56.6,8.3,2.416
Biceps,65.3,4,86.1,1.5,6.316
Biceps,107.9,5,74.6,12.7,2.945
Biceps,58.6,1,94.4,9.3,3.521
Biceps,187.8,4,73.6,8.1,3.283
Biceps,41.3,5,94.1,2.5,6.111
Biceps,18.5,5,71.5,3.8,4.891
Biceps,92.7,3,86.7,2.4,7.779
Biceps,198.6,1,58.4,12.8,1.568
Biceps,179.4,2,77.2,8.8,2.979
Biceps,152.2,5,87.1,11.0,3.951
Biceps,179.3,5,92.0,4.4,5.357
Biceps,179.8,4,87.9,5.6,2.783
Biceps,108.6,1,56.5,6.1,3.161
Biceps,70.0,1,69.9,11.4,3.992
Biceps,156.7,3,56.9,11.6,1.969
Biceps,135.7,3,59.4,3.1,3.986
Biceps,81.0,1,82.0,14.1,2.354
Biceps,27.9,4,83.5,1.8,6.419
Biceps,151.9,3,85.9,13.4,2.339
Biceps,59.9,1,89.6,1.5,5.791
Biceps,188.0,1,84.6,4.0,2.864
Biceps,55.8,3,87.0,12.7,2.694
Biceps,33.3,4,57.0,2.7,4.853
Biceps,167.9,5,64.4,6.2,5.22
Biceps,39.1,3,79.9,6.7,4.353
Biceps,44.1,2,89.3,3.7,5.939
Biceps,123.9,5,55.2,10.7,2.885
Biceps,176.2,3,75.6,12.8,2.135
Biceps,47.3,2,82.1,13.1,2.373
Biceps,69.0,3,56.2,5.1,2.774
Biceps,157.7,1,71.1,8.0,2.025
Biceps,194.6,2,90.8,3.7,2.236
Biceps,105.1,3,81.9,3.7,3.397
Biceps,37.3,5,64.5,2.4,4.929
Biceps,12.6,4,89.1,14.1,1.952
Biceps,53.6,4,68.9,13.3,3.208
Biceps,35.0,3,89.1,11.7,3.591
Biceps,138.8,1,67.0,7.8,3.341
Biceps,33.1,2,78.6,7.4,3.98
Biceps,106.2,5,70.9,7.9,3.478
Biceps,141.9,1,66.0,8.0,3.298
Biceps,120.4,5,90.5,6.5,4.892
Biceps,48.0,4,62.5,2.0,6.483
Biceps,162.8,2,58.4,1.9,5.427
Biceps,145.9,4,68.7,14.3,2.827
Biceps,150.4,5,83.7,7.2,3.282
Biceps,34.9,1,87.3,14.3,1.639
Biceps,33.5,1,94.9,2.5,3.771
Biceps,186.2,4,66.9,8.3,2.946
Biceps,85.5,5,71.3,3.1,7.018
Biceps,67.2,1,60.5,3.8,4.464
Biceps,102.8,4,78.0,0.5,8.853
Biceps,135.9,1,94.9,1.8,5.706
Biceps,191.6,4,83.0,13.8,2.348
Biceps,64.4,4,78.8,4.8,7.45
Biceps,185.7,1,70.7,9.1,2.89
Biceps,14.7,4,91.6,7.0,1.948
Biceps,115.5,5,74.9,6.0,6.1
Biceps,130.5,5,60.4,8.0,3.363
Biceps,30.1,1,69.6,2.8,5.427
Biceps,36.7,2,57.7,14.8,2.324
Biceps,89.6,2,63.1,12.3,2.746
Biceps,193.6,3,55.7,11.1,1.287
Biceps,123.2,1,73.1,7.0,3.369
Biceps,187.3,5,80.4,2.3,3.411
Biceps,162.8,4,68.7,13.8,2.885
Biceps,98.8,5,71.8,5.1,6.744
Biceps,159.1,1,93.4,0.8,4.593
Biceps,13.4,1,85.1,5.1,2.361
Biceps,30.7,5,76.6,11.9,2.413
Biceps,167.6,2,66.4,9.3,2.279
Biceps,161.4,4,90.9,11.3,3.129
Biceps,54.2,5,64.4,11.9,3.39
Biceps,110.8,1,68.0,3.2,6.634
Biceps,125.1,1,91.4,13.9,2.018
Biceps,174.9,1,76.2,6.6,3.443
Biceps,124.6,1,84.7,9.6,2.955
Biceps,88.4,1,78.6,0.0,9.071
Biceps,81.1,5,81.1,14.9,2.769
Biceps,90.9,4,67.0,4.2,5.899
Biceps,133.9,5,64.7,0.9,7.039
Biceps,174.8,5,67.9,6.9,2.809
Biceps,96.2,5,61.2,1.9,8.03
Biceps,57.1,2,90.0,2.3,7.046
Biceps,55.0,2,66.3,9.5,3.931
Biceps,151.7,5,77.5,5.9,5.224
Biceps,165.1,2,86.7,13.8,2.725
Biceps,30.0,1,86.4,4.8,3.462
Biceps,22.6,4,72.5,10.9,2.794
Biceps,122.9,5,74.1,6.9,3.746
Biceps,37.8,5,94.8,9.9,3.356
Biceps,166.7,5,82.0,9.0,2.66
Biceps,69.0,1,87.6,7.1,5.204
Biceps,37.3,4,91.1,14.3,2.91
Biceps,185.0,5,86.5,5.1,3.47
Biceps,41.5,4,62.4,2.7,7.687
Biceps,64.1,5,77.5,10.2,2.327
Biceps,39.2,5,59.1,12.7,1.747
Biceps,31.9,3,81.1,0.6,7.953
Biceps,14.0,1,93.2,6.7,2.001
Biceps,20.5,3,75.5,13.4,2.126
Biceps,43.2,2,72.3,11.2,2.2
Biceps,20.1,1,56.4,14.9,1.554
Biceps,122.3,1,93.4,8.0,4.428
Biceps,139.3,4,59.1,9.9,3.748
Biceps,84.8,3,56.6,4.5,5.544
Biceps,70.4,3,64.8,14.2,2.773
Biceps,105.9,4,57.6,5.5,4.618
Biceps,176.3,3,73.2,11.1,1.338
Biceps,171.7,4,75.6,6.0,3.885
Biceps,18.3,1,67.5,8.4,2.554
Biceps,44.5,5,57.0,10.8,2.342
Biceps,55.0,3,59.5,7.6,3.679
Biceps,57.4,1,70.4,13.6,2.02
Biceps,118.5,5,57.4,6.3,3.609
Biceps,89.1,4,82.9,9.7,4.015
Biceps,19.4,1,63.3,5.1,1.638
Biceps,81.0,1,67.1,6.1,4.734
Biceps,109.5,1,70.8,6.6,4.319
Biceps,29.3,2,71.7,1.9,5.121
Biceps,168.4,1,55.1,1.4,2.577
Biceps,19.9,4,59.5,10.0,1.953
Biceps,185.7,3,89.5,9.8,3.082
Biceps,28.8,5,55.0,9.9,1.311
Biceps,170.3,4,75.3,0.3,6.403
Biceps,181.5,4,74.6,4.9,3.009
Biceps,196.1,3,68.3,3.0,4.616
Biceps,162.4,1,72.3,11.7,1.873
Biceps,158.1,1,86.2,12.9,2.265
Biceps,132.1,4,88.6,3.7,5.882
Triceps,176.1,1,82.0,9.1,2.181
Triceps,14.6,5,82.3,10.7,0.968
Triceps,108.9,3,58.0,10.7,3.737
Triceps,98.1,3,72.9,14.9,3.28
Triceps,141.1,5,71.4,5.1,6.372
Triceps,41.0,2,58.5,2.4,7.476
Triceps,137.0,3,63.9,7.8,5.289
Triceps,81.6,5,72.6,8.0,4.008
Triceps,127.6,4,84.7,2.7,6.537
Triceps,17.6,2,64.5,9.2,2.368
Triceps,97.7,2,88.2,0.2,12.667
Triceps,109.2,1,76.8,13.9,3.569
Triceps,50.7,1,85.4,4.0,6.135
Triceps,36.5,1,73.9,0.6,6.236
Triceps,45.8,4,75.0,1.6,6.655
Triceps,75.4,4,79.8,3.6,8.089
Triceps,28.4,3,92.1,4.1,3.55
Triceps,190.0,4,74.7,0.5,7.048
Triceps,86.9,1,76.1,4.2,5.335
Triceps,163.7,2,79.1,2.9,6.85
Triceps,195.1,2,84.5,5.7,3.389
Triceps,25.3,5,57.9,5.8,2.038
Triceps,133.8,4,75.6,5.1,5.959
Triceps,175.6,5,74.3,4.9,4.129
Triceps,130.5,2,91.9,1.3,6.99
Triceps,91.5,5,74.7,0.4,9.881
Triceps,91.9,1,73.7,3.0,5.755
Triceps,16.8,2,93.5,11.3,2.118
Triceps,111.6,3,73.0,14.9,2.071
Triceps,198.8,1,62.2,13.9,1.754
Triceps,192.2,5,63.7,7.6,4.035
Triceps,17.7,5,58.8,8.0,2.241
Triceps,144.1,3,55.0,4.7,3.512
Triceps,67.3,2,72.3,11.6,3.907
Triceps,181.6,1,85.8,11.5,3.005
Triceps,18.6,4,84.3,12.7,2.057
Triceps,187.8,3,56.3,13.4,1.401
Triceps,169.1,4,77.8,6.5,4.885
Triceps,32.3,4,61.2,11.5,2.027
Triceps,21.4,1,92.6,12.1,2.014
Triceps,168.6,1,61.7,4.6,3.397
Triceps,39.6,4,80.1,13.9,2.281
Triceps,111.6,1,68.0,1.4,6.381
Triceps,184.0,5,80.7,14.9,2.356
Triceps,117.8,1,71.5,11.6,2.634
Triceps,85.5,4,85.4,1.4,9.769
Triceps,94.6,5,64.2,9.8,3.859
Triceps,22.0,3,91.2,0.5,6.767
Triceps,194.1,1,75.0,11.6,2.463
Triceps,69.0,5,85.2,12.0,3.282
Triceps,46.0,1,89.0,9.0,2.763
Triceps,64.3,3,95.0,12.9,2.245
Triceps,193.2,5,64.0,1.5,6.529
Triceps,27.9,4,66.5,4.1,4.468
Triceps,174.8,1,65.0,6.2,1.908
Triceps,144.5,5,65.5,0.6,7.561
Triceps,167.7,1,78.3,6.7,2.89
Triceps,195.4,4,94.7,4.0,6.001
Triceps,170.0,4,94.6,5.9,2.997
Triceps,189.2,2,76.1,6.4,2.569
Triceps,34.1,3,80.6,13.2,3.33
Triceps,161.2,1,89.4,4.1,5.491
Triceps,113.7,5,92.3,13.4,2.777
Triceps,113.3,2,63.2,6.4,4.008
Triceps,180.8,2,76.1,4.9,4.612
Triceps,194.6,3,88.3,7.5,1.837
Triceps,143.9,4,67.1,6.3,3.17
Triceps,101.8,3,72.6,3.9,5.954
Triceps,96.7,3,94.4,7.5,5.819
Triceps,83.4,3,94.4,2.3,6.827
Triceps,78.7,5,91.2,5.3,5.989
Triceps,84.4,2,86.9,8.5,5.031
Triceps,27.1,5,65.8,6.2,5.419
Triceps,24.7,4,67.8,12.4,2.231
Triceps,158.2,5,76.9,3.9,5.534
Triceps,94.8,5,77.4,14.5,4.483
Triceps,186.8,4,75.2,11.8,2.001
Triceps,126.3,2,80.5,14.5,3.294
Triceps,16.7,4,71.3,12.6,1.501
Triceps,39.9,4,85.0,2.1,7.059
Triceps,49.1,2,68.3,7.9,3.808
Triceps,195.4,4,68.2,2.5,4.616
Triceps,51.6,2,60.1,12.3,2.465
Triceps,108.0,3,62.5,8.8,4.364
Triceps,187.9,4,89.0,4.0,5.789
Triceps,195.7,1,72.9,13.9,1.98
Triceps,54.9,2,64.1,1.7,7.194
Triceps,19.3,4,85.4,8.5,3.042
Triceps,39.2,3,77.2,10.8,2.658
Triceps,22.0,5,55.8,0.9,6.45
Triceps,47.1,1,67.7,9.0,3.952
Triceps,118.0,4,62.1,12.2,5.269
Triceps,183.4,5,81.2,1.0,6.455
Triceps,112.1,5,66.0,7.7,4.272
Triceps,128.9,1,57.6,3.9,5.607
Triceps,48.4,5,57.2,9.9,4.395
Triceps,162.1,2,78.3,1.8,5.51
Triceps,127.4,2,55.9,14.1,2.465
Triceps,174.2,2,89.0,13.4,2.681
Triceps,190.3,4,61.2,2.8,4.658
Triceps,76.1,4,79.3,4.8,5.902
Triceps,27.2,3,72.8,8.8,3.162
Triceps,52.9,1,72.7,10.8,3.811
Triceps,93.2,5,57.9,6.6,4.592
Triceps,189.7,2,87.1,2.3,3.391
Triceps,81.9,1,90.7,1.6,4.757
Triceps,156.4,3,55.4,15.0,1.837
Triceps,112.7,3,62.1,6.8,3.564
Triceps,44.7,4,91.2,13.1,3.082
Triceps,70.9,5,77.0,7.2,4.052
Triceps,134.1,1,61.0,13.8,2.147
Triceps,137.8,2,63.1,1.3,5.981
Triceps,92.6,3,81.4,1.7,7.4
Triceps,53.4,4,84.0,13.9,4.13
Triceps,147.2,4,79.0,14.2,3.337
Triceps,42.1,2,93.1,4.7,4.723
Triceps,188.0,4,74.8,5.3,4.046
Triceps,45.7,5,67.0,6.8,4.346
Triceps,30.4,3,74.1,6.2,4.196
Triceps,104.6,5,69.4,2.9,7.912
Triceps,108.7,4,64.0,13.5,2.791
Triceps,106.6,2,56.8,3.8,5.689
Triceps,93.0,2,69.1,10.6,2.221
Triceps,199.0,4,83.5,1.0,6.801
Triceps,102.4,2,55.7,0.6,9.266
Triceps,100.8,2,72.6,9.8,3.551
Triceps,90.1,2,80.8,5.1,7.092
Triceps,22.7,4,79.4,9.8,2.287
Triceps,122.7,2,86.1,1.4,7.417
Triceps,53.3,4,87.4,14.2,3.187
Triceps,131.1,5,83.5,11.2,3.475
Triceps,19.7,5,59.1,13.1,1.991
Triceps,196.5,5,74.0,2.0,5.897
Triceps,99.1,1,79.1,4.8,5.795
Triceps,180.4,3,64.8,5.5,5.238
Triceps,100.4,2,56.7,8.1,4.074
Triceps,21.5,5,63.9,4.5,4.496
Triceps,166.2,4,73.2,0.9,6.697
Triceps,133.2,2,71.6,5.5,5.282
Triceps,158.5,3,62.1,3.8,4.514
Triceps,91.4,4,88.0,5.8,6.763
Triceps,131.2,3,92.0,3.0,8.536
Triceps,172.7,3,63.1,3.9,4.815
Triceps,129.9,1,92.2,9.4,1.835
Triceps,76.1,3,55.7,5.8,4.809
Triceps,135.9,2,92.0,5.2,5.651
Triceps,137.7,5,93.1,8.0,4.563
Triceps,192.5,5,55.5,11.6,2.852
Triceps,80.5,4,85.5,5.7,6.885
Triceps,90.8,1,93.8,8.8,4.014
Triceps,164.3,5,91.2,14.5,3.3
Triceps,106.1,2,93.8,7.8,4.777
Triceps,149.9,3,77.0,13.6,3.692
Triceps,97.3,5,58.1,11.9,3.913
Triceps,50.9,5,89.0,0.9,9.913
Triceps,151.6,1,79.6,6.4,3.561
Triceps,34.9,2,79.6,10.5,2.615
Triceps,47.7,4,71.7,14.8,4.101
Triceps,129.1,3,77.9,6.9,4.699
Triceps,152.0,2,61.1,1.4,7.397
Triceps,180.0,3,84.6,8.4,3.457
Triceps,61.8,5,58.0,1.9,7.133
Triceps,31.0,2,84.2,11.3,2.675
Triceps,191.6,4,89.0,7.6,4.583
Triceps,39.3,4,73.9,10.9,3.868
Triceps,47.6,5,75.4,13.0,2.184
Triceps,65.4,2,67.5,9.4,3.728
Triceps,110.6,2,93.8,9.2,4.939
Triceps,177.7,3,84.3,11.3,2.736
Triceps,154.5,3,69.8,12.6,1.858
Triceps,144.5,3,62.0,13.0,4.028
Triceps,43.3,4,63.8,0.5,9.704
Triceps,78.0,4,73.6,8.3,4.812
Triceps,100.9,2,92.7,3.2,5.666
Triceps,38.0,4,84.4,12.9,3.718
Triceps,62.0,2,63.6,9.7,3.362
Triceps,68.6,3,89.4,6.3,6.192
Triceps,34.2,1,70.1,2.8,5.436
Triceps,114.5,2,89.1,5.1,5.212
Triceps,144.0,5,64.7,10.6,3.623
Triceps,23.3,3,79.7,3.1,4.363
Triceps,101.4,4,92.1,1.4,9.961
Triceps,158.6,1,65.3,13.3,1.961
Triceps,152.1,4,82.7,11.5,2.271
Triceps,164.9,2,94.5,3.0,5.646
Triceps,95.2,4,61.0,4.4,7.023
Triceps,165.9,5,58.5,14.6,2.868
Triceps,55.7,3,82.0,10.6,4.017
Triceps,78.6,1,68.6,9.2,3.538
Triceps,43.5,3,57.8,4.6,5.889
Triceps,98.8,1,74.0,4.5,5.139
Triceps,84.5,3,85.2,0.6,8.55
Triceps,55.8,1,66.4,10.9,2.988
Triceps,152.8,4,68.4,0.6,11.022
Triceps,69.6,2,88.8,0.1,6.608
Triceps,61.8,2,75.8,10.9,3.868
Triceps,34.9,1,88.7,14.2,1.42
Triceps,93.4,5,72.9,11.3,3.825
Triceps,67.6,5,93.1,7.1,4.62
Triceps,80.2,5,81.0,7.3,3.215
Triceps,54.8,1,59.6,6.5,4.461
Triceps,155.0,2,90.4,4.9,4.158
Triceps,186.7,5,74.6,7.8,2.166
Triceps,104.6,3,60.7,6.5,5.636
Triceps,132.2,1,61.1,9.0,4.251
Triceps,174.8,1,82.5,13.5,2.984
Triceps,199.8,2,56.9,14.9,2.156
Triceps,126.6,5,66.5,1.2,8.255
Triceps,179.1,1,60.6,5.8,4.45
Triceps,182.6,5,72.6,2.7,7.371
Triceps,160.4,4,71.6,5.3,5.925
Triceps,97.6,5,75.9,4.3,5.315
Triceps,25.4,5,66.2,2.6,5.378
Triceps,13.0,2,56.3,11.5,1.633
Triceps,100.7,5,79.6,7.4,3.299
Triceps,103.9,1,69.9,13.8,3.053
Triceps,87.4,2,81.1,0.5,12.196
Triceps,118.0,2,59.3,1.0,8.365
Triceps,114.9,1,55.6,6.0,5.374
Triceps,169.0,1,64.9,1.2,6.064
Triceps,30.6,1,73.3,3.9,4.15
Triceps,52.8,1,70.8,14.8,2.789
Triceps,160.7,2,87.4,3.1,4.439
Triceps,171.1,1,70.1,3.0,3.956
Triceps,199.0,1,76.2,8.6,3.42
Triceps,175.9,5,78.7,7.5,4.87
Triceps,179.1,1,55.9,8.7,2.257
Triceps,69.7,1,75.6,5.7,5.658
Triceps,86.3,1,68.8,12.4,3.04
Triceps,60.9,1,71.9,2.1,6.974
Triceps,125.2,3,59.0,6.4,5.013
Triceps,188.4,5,86.3,10.3,3.63
Triceps,75.5,4,92.7,13.0,3.677
Triceps,115.8,3,55.9,5.5,6.318
Triceps,66.3,1,79.1,8.5,4.088
Triceps,42.3,4,85.6,1.0,8.944
Triceps,47.1,1,66.4,2.6,4.925
Triceps,21.0,4,86.5,1.0,7.777
Triceps,190.4,3,80.3,10.9,3.066
Triceps,86.5,5,92.2,4.3,7.093
Triceps,168.5,2,94.2,10.9,1.861
Triceps,139.5,4,56.7,1.0,6.882
Triceps,46.5,3,72.8,12.9,3.887
Triceps,43.3,3,76.9,12.5,3.287
Triceps,164.3,5,60.9,1.3,4.713
Triceps,60.3,4,68.5,0.4,11.68
Triceps,183.5,3,94.5,0.8,5.905
Triceps,36.6,3,55.6,12.8,3.565
Triceps,138.8,4,73.1,3.5,6.115
Triceps,164.8,2,88.7,8.2,3.494
Triceps,54.7,1,68.0,6.4,5.209
Triceps,62.5,3,74.2,11.9,2.963
Triceps,193.3,1,94.1,7.3,2.347
Triceps,60.3,1,74.0,7.5,3.907
Triceps,91.7,3,60.2,14.8,3.575
Triceps,92.2,4,57.1,2.3,6.041
Triceps,58.1,4,92.8,12.5,2.402
Triceps,157.4,2,65.6,0.8,7.949
Triceps,156.7,3,75.2,7.2,3.592
Triceps,81.9,1,58.6,13.3,2.683
Triceps,168.7,4,71.9,10.0,2.194
Triceps,50.5,2,92.2,10.3,2.934
Triceps,10.8,4,75.1,3.9,2.551
Triceps,118.5,5,93.8,6.3,5.783
Triceps,198.9,4,65.4,5.5,3.539
Triceps,17.3,2,75.2,7.8,3.174
Triceps,49.5,5,89.4,6.9,4.142
Triceps,108.6,4,72.9,4.9,5.251
Triceps,163.9,4,66.2,4.6,6.542
Triceps,26.9,5,89.2,3.8,4.901
Triceps,85.1,5,70.6,5.5,5.301
Triceps,151.9,1,76.2,2.2,5.407
Triceps,80.6,5,94.1,13.1,4.436
Triceps,45.9,4,62.5,9.0,5.192
Triceps,47.1,2,67.1,2.0,5.668
Triceps,87.9,2,56.2,10.4,3.567
Triceps,101.1,4,70.7,12.7,3.683
Triceps,173.7,2,63.0,3.6,3.9
Triceps,132.0,3,82.2,2.3,6.706
Triceps,141.2,4,62.3,0.1,9.113
Triceps,196.8,4,82.0,0.7,8.257
Triceps,88.3,5,65.5,11.4,4.779
Triceps,86.6,1,69.2,14.8,2.562
Triceps,185.4,2,69.0,0.7,6.154
Triceps,56.7,5,83.7,11.2,4.263
Triceps,148.7,3,73.7,1.1,6.69
Triceps,153.4,2,69.5,8.9,3.787
Triceps,28.6,2,89.1,11.3,2.475
Triceps,99.0,2,77.9,5.4,4.251
Triceps,48.1,3,63.6,0.2,7.533
Triceps,45.2,2,91.0,8.9,4.543
Triceps,98.1,4,68.7,14.9,3.173
Triceps,65.0,3,56.6,3.9,7.948
Triceps,161.3,4,74.8,2.8,5.616
Triceps,182.4,1,60.0,1.9,5.361
Triceps,162.5,4,64.5,8.3,5.598
Triceps,60.5,5,84.9,8.9,3.543
Triceps,62.1,1,60.2,11.9,1.904
Triceps,58.4,2,87.3,11.3,4.209
Triceps,35.7,4,92.5,13.4,2.368
Shoulders,105.6,4,58.8,9.3,4.771
Shoulders,198.3,5,62.5,4.5,4.906
Shoulders,12.3,2,58.1,4.7,2.189
Shoulders,115.7,1,79.2,14.5,3.013
Shoulders,107.3,3,94.5,6.6,4.833
Shoulders,163.4,2,81.9,6.7,3.671
Shoulders,77.5,3,83.4,8.3,4.912
Shoulders,88.0,2,94.4,6.1,4.006
Shoulders,41.9,2,82.1,8.3,3.768
Shoulders,150.8,2,56.6,6.5,6.845
Shoulders,159.1,2,89.7,12.4,4.015
Shoulders,36.0,4,69.6,13.6,3.095
Shoulders,84.8,3,55.2,14.0,3.306
Shoulders,179.7,3,75.3,8.5,2.65
Shoulders,10.5,1,92.5,6.6,0.881
Shoulders,66.8,3,65.3,10.6,4.825
Shoulders,115.5,1,74.7,12.6,2.731
Shoulders,73.5,2,62.0,8.4,3.687
Shoulders,61.7,3,57.3,10.5,3.61
Shoulders,97.4,1,58.2,11.2,2.736
Shoulders,44.5,2,84.1,10.1,2.41
Shoulders,110.6,2,89.6,11.2,3.656
Shoulders,144.3,5,60.7,3.1,6.055
Shoulders,119.3,5,66.5,7.5,4.539
Shoulders,27.7,1,62.8,8.8,2.042
Shoulders,170.4,4,56.1,0.0,10.715
Shoulders,43.2,4,77.1,12.8,2.954
Shoulders,155.3,2,83.0,9.2,3.776
Shoulders,78.5,3,80.9,1.9,9.016
Shoulders,158.7,4,70.5,12.2,3.605
Shoulders,49.2,2,77.2,10.8,3.058
Shoulders,45.5,1,58.8,11.4,3.005
Shoulders,104.4,2,61.2,5.9,5.929
Shoulders,16.3,2,92.3,12.8,1.356
Shoulders,52.8,2,85.5,6.2,4.533
Shoulders,147.6,2,91.9,8.6,3.452
Shoulders,169.1,1,91.7,0.0,7.004
Shoulders,25.3,5,81.0,9.7,3.083
Shoulders,177.6,1,92.1,10.8,3.339
Shoulders,161.5,4,71.7,8.5,4.975
Shoulders,175.2,4,55.1,7.4,4.852
Shoulders,142.7,4,57.5,12.1,3.786
Shoulders,138.1,5,59.4,10.2,4.72
Shoulders,109.8,1,58.8,4.2,6.574
Shoulders,134.0,2,69.1,14.4,3.628
Shoulders,184.6,1,83.1,10.6,3.044
Shoulders,29.1,3,86.6,14.8,2.735
Shoulders,70.0,4,78.6,14.6,3.584
Shoulders,23.8,5,60.9,13.8,2.29
Shoulders,189.5,2,84.9,11.3,3.329
Shoulders,94.6,2,69.2,9.1,4.49
Shoulders,138.3,5,55.5,2.6,6.59
Shoulders,169.8,4,66.2,8.2,5.174
Shoulders,198.3,4,68.2,11.5,5.41
Shoulders,40.7,3,66.0,7.8,3.509
Shoulders,161.9,3,87.5,13.0,3.324
Shoulders,178.6,2,85.4,1.6,6.476
Shoulders,19.3,4,82.8,5.7,2.647
Shoulders,153.3,2,60.6,7.6,5.525
Shoulders,77.4,5,87.3,6.5,4.88
Shoulders,133.2,1,82.1,1.6,6.671
Shoulders,107.7,3,62.8,2.3,5.802
Shoulders,59.4,2,80.9,12.6,2.678
Shoulders,35.7,4,74.3,7.3,2.661
Shoulders,32.2,4,72.6,0.7,7.716
Shoulders,29.6,5,59.5,0.2,10.111
Shoulders,131.2,4,75.7,7.1,5.037
Shoulders,76.8,2,59.0,2.5,5.027
Shoulders,51.2,2,61.6,10.6,3.847
Shoulders,141.5,5,60.3,11.9,3.259
Shoulders,140.5,3,93.2,3.4,8.067
Shoulders,112.4,1,66.4,8.9,3.778
Shoulders,187.6,5,69.2,2.3,6.382
Shoulders,83.2,4,67.9,4.6,6.563
Shoulders,168.8,1,90.9,13.3,3.167
Shoulders,24.3,4,77.5,8.2,2.766
Shoulders,150.6,4,91.8,13.3,3.156
Shoulders,197.8,4,67.0,3.4,6.09
Shoulders,170.9,5,59.6,5.0,4.392
Shoulders,120.1,3,77.2,7.1,5.532
Shoulders,129.1,3,68.8,7.2,3.412
Shoulders,77.1,4,87.1,15.0,3.124
Shoulders,139.1,1,90.2,1.7,7.899
Shoulders,156.4,1,73.9,12.8,3.149
Shoulders,199.7,5,93.9,13.0,3.442
Shoulders,103.6,2,77.1,8.3,4.467
Shoulders,21.6,3,65.8,5.2,3.856
Shoulders,123.2,2,74.6,7.8,5.343
Shoulders,32.6,2,56.5,4.4,4.334
Shoulders,56.5,3,87.2,12.0,3.982
Shoulders,72.5,5,59.1,7.5,5.693
Shoulders,148.9,3,67.3,13.9,2.979
Shoulders,44.9,1,77.6,9.3,2.309
Shoulders,41.5,2,56.7,7.7,3.794
Shoulders,18.5,1,58.2,10.7,1.848
Shoulders,175.9,5,82.8,7.6,5.565
Shoulders,141.8,2,57.9,13.6,2.504
Shoulders,17.6,2,74.1,2.8,2.608
Shoulders,15.4,1,68.5,14.6,1.328
Shoulders,116.1,3,64.1,12.2,3.694
Shoulders,63.7,5,62.6,12.9,2.237
Shoulders,123.4,3,85.5,7.2,5.364
Shoulders,92.6,4,93.1,12.6,2.549
Shoulders,185.4,1,60.6,4.6,3.884
Shoulders,64.7,1,93.4,11.4,3.958
Shoulders,139.0,4,78.8,2.1,10.878
Shoulders,20.3,1,80.7,4.6,2.06
Shoulders,191.6,3,83.4,6.7,4.256
Shoulders,196.3,2,83.2,4.8,4.897
Shoulders,150.4,1,87.8,5.8,6.122
Shoulders,98.4,3,74.3,12.3,3.472
Shoulders,51.8,5,76.3,3.9,5.629
Shoulders,164.4,1,68.0,11.2,4.13
Shoulders,149.9,5,59.2,1.1,8.309
Shoulders,52.2,3,81.6,11.5,3.866
Shoulders,95.7,4,56.3,11.9,2.927
Shoulders,97.9,1,66.0,6.0,4.797
Shoulders,167.0,5,58.8,10.8,2.593
Shoulders,139.9,1,62.6,13.7,2.273
Shoulders,132.2,5,80.5,12.0,4.511
Shoulders,133.5,4,80.1,5.9,5.835
Shoulders,61.4,2,71.8,7.3,4.152
Shoulders,80.6,1,58.6,11.7,2.812
Shoulders,18.7,4,72.3,4.4,3.085
Shoulders,159.5,1,69.1,12.1,3.235
Shoulders,92.3,4,83.8,4.9,7.771
Shoulders,93.3,4,78.2,12.1,2.109
Shoulders,56.6,2,74.7,1.3,6.433
Shoulders,49.8,2,74.5,0.7,7.937
Shoulders,121.7,2,93.7,15.0,2.907
Shoulders,54.2,2,85.3,13.0,3.189
Shoulders,22.2,1,74.9,13.2,1.769
Shoulders,155.8,2,74.2,14.3,2.784
Shoulders,81.5,4,56.1,6.6,5.033
Shoulders,82.2,2,92.7,4.3,5.67
Shoulders,92.0,4,67.8,2.0,10.672
Shoulders,164.9,5,65.2,7.5,4.132
Shoulders,71.0,4,95.0,3.3,7.01
Shoulders,154.0,3,83.7,14.0,3.312
Shoulders,188.5,2,56.9,0.1,10.453
Shoulders,135.6,5,57.5,2.1,7.592
Shoulders,92.0,2,56.0,3.7,7.421
Shoulders,152.1,3,79.0,3.0,8.387
Shoulders,97.0,3,57.9,3.4,6.963
Shoulders,88.7,4,92.3,9.8,4.384
Shoulders,109.8,3,92.5,4.9,5.692
Shoulders,70.4,4,76.8,9.2,4.383
Shoulders,29.8,5,79.7,13.4,2.851
Shoulders,88.8,2,66.7,9.0,4.486
Shoulders,33.5,5,57.6,10.4,3.097
Shoulders,88.0,1,84.5,5.5,4.119
Shoulders,115.8,5,59.1,2.4,6.752
Shoulders,186.8,1,58.4,4.8,6.349
Shoulders,16.9,5,67.4,14.5,1.465
Shoulders,128.1,2,55.5,9.3,3.382
Shoulders,97.0,5,72.4,4.2,8.757
Shoulders,13.8,1,83.3,6.8,1.826
Shoulders,57.4,3,87.1,12.5,3.671
Shoulders,32.5,5,79.2,10.0,2.968
Shoulders,51.2,1,88.9,8.4,3.266
Shoulders,62.2,2,71.3,13.3,2.989
Shoulders,86.2,1,89.0,10.1,2.717
Shoulders,110.5,2,75.3,9.6,4.054
Shoulders,10.2,2,63.9,2.8,2.134
Shoulders,40.8,4,92.8,1.6,9.092
Shoulders,27.8,2,66.0,14.5,1.978
Shoulders,114.4,1,56.0,9.0,2.153
Shoulders,72.5,1,64.7,6.2,4.551
Shoulders,114.2,5,69.7,8.8,7.219
Shoulders,52.1,5,69.1,0.9,9.736
Shoulders,14.6,2,76.0,12.3,1.077
Shoulders,188.9,1,90.3,3.2,5.826
Shoulders,30.6,1,66.7,12.1,1.815
Shoulders,34.1,5,75.8,8.0,2.644
Shoulders,37.8,4,68.6,4.1,4.875
Shoulders,196.4,4,87.9,0.5,8.985
Shoulders,127.4,2,61.3,12.2,2.174
Shoulders,126.0,4,59.1,2.6,6.329
Shoulders,197.5,1,75.1,0.8,7.023
Shoulders,26.8,4,81.9,11.3,2.324
Shoulders,195.2,3,86.8,5.3,5.351
Shoulders,48.8,2,78.6,5.8,3.486
Shoulders,128.4,4,86.0,3.7,7.979
Shoulders,89.8,4,70.7,12.9,3.078
Shoulders,83.0,3,56.3,4.5,8.019
Shoulders,186.9,1,59.6,3.2,3.715
Shoulders,38.4,1,56.5,4.6,3.17
Shoulders,199.4,5,68.2,3.0,6.869
Shoulders,82.0,2,74.8,4.8,7.557
Shoulders,133.3,2,69.3,1.2,8.622
Shoulders,193.9,4,77.4,2.4,7.801
Shoulders,20.9,2,74.2,6.3,2.648
Shoulders,185.3,2,82.1,13.2,2.3
Shoulders,117.9,4,81.7,0.9,9.217
Shoulders,143.8,3,67.7,3.2,5.441
Shoulders,38.3,4,68.8,13.6,2.064
Shoulders,111.3,1,78.4,13.4,3.368
Shoulders,138.0,3,78.9,10.2,3.223
Shoulders,96.7,3,67.6,3.6,7.427
Shoulders,39.4,4,68.2,6.3,3.371
Shoulders,56.4,1,82.8,3.2,5.907
Shoulders,172.3,1,80.9,1.9,5.908
Shoulders,16.5,4,60.4,5.7,3.337
Shoulders,144.7,4,72.6,8.6,5.002
Shoulders,199.9,5,90.7,5.4,6.181
Shoulders,11.4,2,56.5,9.2,1.037
Shoulders,40.6,5,89.2,4.4,5.148
Shoulders,138.1,2,61.5,5.2,4.409
Shoulders,21.4,4,75.3,11.9,1.932
Shoulders,122.1,1,72.0,13.2,2.942
Shoulders,140.0,5,55.4,4.8,5.272
Shoulders,121.7,2,91.6,8.6,3.282
Shoulders,79.4,5,73.2,4.2,5.19
Shoulders,142.5,2,93.2,0.8,5.034
Shoulders,122.9,4,66.5,11.1,3.387
Shoulders,49.5,3,89.7,2.6,7.114
Shoulders,117.0,1,91.9,6.4,3.283
Shoulders,177.6,1,77.3,7.3,2.919
Shoulders,136.7,4,63.1,2.8,10.022
Shoulders,99.6,1,82.4,1.4,6.941
Shoulders,71.1,2,77.0,5.2,5.727
Shoulders,26.3,3,92.8,14.3,2.265
Shoulders,56.5,2,72.6,9.2,4.224
Shoulders,12.1,1,65.7,5.7,1.054
Shoulders,197.5,4,60.5,0.6,8.298
Shoulders,52.3,4,82.9,9.0,2.92
Shoulders,164.8,4,94.0,1.4,11.742
Shoulders,42.0,5,56.1,8.1,2.68
Shoulders,63.9,1,84.6,11.3,2.546
Shoulders,89.5,3,92.1,6.4,4.438
Shoulders,71.6,2,58.0,4.5,4.146
Shoulders,161.7,5,59.4,0.7,11.156
Shoulders,192.0,3,82.7,0.4,12.079
Shoulders,176.3,1,80.9,6.5,3.818
Shoulders,39.2,4,57.8,13.3,2.055
Shoulders,157.6,1,88.4,3.7,3.31
Shoulders,38.1,2,75.9,8.6,3.103
Shoulders,183.5,4,91.3,10.3,3.585
Shoulders,108.4,3,90.1,0.9,8.3
Shoulders,73.9,4,87.5,2.3,8.455
Shoulders,39.8,3,75.6,5.0,5.018
Shoulders,12.2,5,65.1,10.1,1.613
Shoulders,57.1,3,75.2,6.6,4.556
Shoulders,183.7,1,59.0,11.0,2.331
Shoulders,161.5,1,81.4,13.0,3.278
Shoulders,194.3,4,60.4,11.4,3.505
Shoulders,29.1,1,75.4,14.9,2.219
Shoulders,122.5,2,57.2,11.3,4.115
Shoulders,58.9,1,67.0,12.8,2.055
Shoulders,113.2,2,64.3,12.5,2.502
Shoulders,70.9,3,79.8,11.0,3.342
Shoulders,63.9,1,86.5,12.0,2.423
Shoulders,119.0,3,57.3,14.0,3.83
Shoulders,44.8,5,89.0,7.1,4.592
Shoulders,99.1,1,89.4,9.6,4.615
Shoulders,133.7,1,68.7,7.7,4.493
Shoulders,34.4,2,81.4,12.8,2.517
Shoulders,186.8,5,71.1,6.5,5.975
Shoulders,106.1,3,61.2,12.3,4.075
Shoulders,165.7,4,76.1,12.0,3.751
Shoulders,134.2,1,58.5,14.4,3.634
Shoulders,144.9,4,90.1,3.7,6.943
Shoulders,146.1,1,92.0,10.6,3.124
Shoulders,176.3,4,87.9,11.4,3.094
Shoulders,126.6,1,77.5,14.0,3.369
Shoulders,62.9,5,77.3,13.6,4.247
Shoulders,28.9,2,94.4,8.6,2.653
Shoulders,125.2,1,64.9,8.7,4.93
Shoulders,22.6,2,58.0,2.5,2.396
Shoulders,55.8,1,77.5,14.6,2.566
Shoulders,21.5,1,68.2,3.8,3.049
Shoulders,114.3,3,67.9,10.9,3.508
Shoulders,40.5,2,55.3,11.9,3.975
Shoulders,126.0,2,78.8,6.6,4.886
Shoulders,160.3,5,65.6,3.2,6.464
Shoulders,166.2,1,62.5,2.8,5.887
Shoulders,68.8,2,56.6,12.8,1.917
Shoulders,114.3,1,69.6,7.7,3.728
Shoulders,117.0,3,90.2,1.4,10.135
Shoulders,99.8,2,68.5,10.8,3.421
Shoulders,134.5,1,82.2,3.8,4.924
Shoulders,49.9,1,85.3,13.1,3.356
Shoulders,196.1,5,68.1,4.6,6.869
Shoulders,28.6,1,87.9,3.0,4.383
Shoulders,167.6,4,82.7,1.3,7.962
Shoulders,122.9,5,77.4,7.7,4.942
Shoulders,56.5,3,55.0,6.8,3.907
Shoulders,151.7,2,56.4,11.3,2.73
Shoulders,26.1,4,94.6,7.0,2.536
Shoulders,157.1,5,86.3,5.2,5.17
Shoulders,122.1,1,92.5,3.9,4.624
Shoulders,31.0,5,91.1,4.2,3.188
Shoulders,25.1,5,55.8,13.9,2.135
Shoulders,152.7,1,86.7,2.5,6.545
Shoulders,65.7,1,73.0,14.8,3.674
Shoulders,179.0,4,86.6,4.9,5.041
Shoulders,154.8,1,55.3,1.3,7.35
Shoulders,142.7,4,66.5,3.7,7.313
Shoulders,62.9,1,85.1,0.9,7.259
Shoulders,144.7,4,86.7,11.9,4.4
Chest,43.2,1,89.0,10.6,2.575
Chest,15.5,1,84.3,6.2,2.189
Chest,87.3,5,77.3,6.0,6.872
Chest,133.3,3,84.0,2.7,6.332
Chest,119.1,2,82.3,6.2,4.227
Chest,39.7,1,64.4,11.8,2.917
Chest,95.6,3,77.0,13.6,3.415
Chest,80.2,4,85.8,8.9,5.574
Chest,62.1,4,67.7,4.5,7.703
Chest,148.6,1,81.2,10.2,3.127
Chest,68.8,4,74.3,11.1,3.3
Chest,112.6,5,75.1,5.0,9.544
Chest,185.4,2,58.6,12.4,3.844
Chest,112.5,1,81.6,1.1,8.57
Chest,127.2,5,89.6,0.2,10.447
Chest,23.9,3,60.7,1.8,4.326
Chest,43.8,4,69.6,2.3,5.702
Chest,29.2,2,56.9,13.2,2.592
Chest,155.3,2,56.2,6.4,4.734
Chest,168.8,2,94.6,4.1,7.707
Chest,45.4,2,74.7,6.4,4.092
Chest,51.7,3,69.2,5.9,4.251
Chest,71.4,1,66.0,4.5,5.385
Chest,122.3,5,94.2,2.1,5.382
Chest,128.1,3,65.1,9.8,4.799
Chest,140.5,5,84.0,2.0,9.358
Chest,182.0,3,66.4,11.6,4.74
Chest,66.1,2,57.8,3.0,4.652
Chest,135.2,3,82.3,11.0,5.55
Chest,116.3,1,55.1,12.1,4.268
Chest,68.1,5,82.0,1.9,10.934
Chest,182.4,4,65.0,1.3,9.926
Chest,28.1,1,84.8,14.2,2.356
Chest,145.3,3,85.8,6.9,4.321
Chest,148.3,3,84.0,9.5,5.55
Chest,183.9,2,56.0,0.3,8.488
Chest,108.5,1,83.1,4.2,4.714
Chest,71.1,4,94.6,7.6,4.342
Chest,167.3,2,64.7,13.3,3.607
Chest,156.5,3,66.0,4.1,6.271
Chest,105.1,2,87.5,11.6,4.459
Chest,155.9,4,61.4,9.9,3.359
Chest,60.9,1,81.4,1.7,4.674
Chest,122.0,2,85.2,4.4,8.496
Chest,174.4,3,56.5,3.6,8.383
Chest,70.4,3,77.2,6.6,4.589
Chest,101.9,4,78.0,9.5,5.426
Chest,190.7,1,67.1,6.5,5.801
Chest,161.7,3,90.1,3.7,7.953
Chest,178.5,4,61.5,10.4,4.787
Chest,83.2,2,69.6,8.8,5.726
Chest,199.3,1,88.9,7.8,3.752
Chest,39.0,5,62.6,8.3,3.948
Chest,108.6,4,87.9,3.3,8.644
Chest,101.1,4,58.2,10.2,4.833
Chest,161.7,4,74.6,5.8,6.231
Chest,182.6,4,58.0,5.5,6.55
Chest,148.9,4,82.1,2.2,9.539
Chest,129.1,3,86.6,9.0,4.193
Chest,91.2,1,89.0,9.0,5.06
Chest,107.0,3,94.3,5.1,5.647
Chest,106.8,2,81.9,12.9,3.774
Chest,13.9,4,85.8,12.7,1.362
Chest,105.6,3,75.2,1.6,10.546
Chest,172.6,5,91.5,10.4,2.822
Chest,144.8,3,80.8,5.9,7.344
Chest,161.2,3,90.3,15.0,3.08
Chest,84.2,5,64.4,3.4,9.876
Chest,110.5,3,74.9,4.2,6.979
Chest,16.4,2,84.2,6.6,2.136
Chest,82.8,2,63.1,4.0,9.055
Chest,100.1,5,63.5,10.4,4.772
Chest,58.5,4,94.1,7.2,6.322
Chest,15.9,1,72.4,3.3,2.663
Chest,141.2,3,62.3,7.6,5.976
Chest,92.7,2,68.3,13.3,3.836
Chest,89.0,4,70.9,11.9,5.322
Chest,57.5,1,79.9,7.5,3.714
Chest,112.2,4,91.9,4.3,6.49
Chest,93.2,4,94.5,2.7,7.983
Chest,100.1,2,81.1,13.2,3.957
Chest,120.4,1,83.0,10.7,3.94
Chest,11.2,4,67.9,8.6,1.841
Chest,182.5,2,89.3,13.2,4.377
Chest,23.5,5,63.7,1.8,4.107
Chest,95.7,4,59.3,10.2,4.375
Chest,49.4,5,93.9,3.3,4.967
Chest,109.5,3,89.6,1.8,12.778
Chest,63.2,5,67.1,7.0,5.799
Chest,173.4,1,82.0,5.8,5.795
Chest,85.3,2,73.7,14.1,2.66
Chest,131.4,1,67.9,4.9,6.125
Chest,57.3,4,66.5,12.2,4.243
Chest,13.7,3,60.4,11.2,1.372
Chest,86.8,2,77.0,10.0,5.364
Chest,111.9,2,72.9,13.8,5.425
Chest,97.3,4,75.5,6.1,5.727
Chest,192.8,1,63.6,5.8,4.168
Chest,144.3,3,92.5,2.4,7.331
Chest,199.2,4,80.5,4.1,9.177
Chest,66.1,2,91.0,13.2,4.054
Chest,159.9,2,59.4,7.1,5.086
Chest,115.6,2,79.9,5.1,6.569
Chest,126.2,3,89.0,3.2,6.997
Chest,197.3,2,68.2,7.3,5.705
Chest,134.3,2,62.8,10.7,4.001
Chest,180.8,3,65.6,4.3,6.554
Chest,147.9,1,65.9,11.4,4.271
Chest,34.2,3,72.9,9.4,3.142
Chest,142.9,1,68.0,11.8,3.605
Chest,102.0,1,65.9,3.8,6.864
Chest,184.6,2,80.9,9.5,4.993
Chest,163.3,2,57.1,2.3,10.11
Chest,29.8,1,68.6,5.5,3.835
Chest,35.4,5,82.6,10.9,3.704
Chest,23.2,2,62.0,9.5,2.211
Chest,103.7,5,63.8,2.8,7.971
Chest,25.3,5,63.0,12.9,2.604
Chest,147.5,5,55.0,0.8,11.124
Chest,114.9,5,74.0,8.9,4.146
Chest,168.8,1,56.6,14.8,2.852
Chest,63.2,2,65.9,8.0,4.498
Chest,108.6,4,94.8,12.0,4.119
Chest,32.3,3,91.7,8.9,4.1
Chest,178.1,1,63.6,11.7,3.891
Chest,43.3,3,67.4,9.8,4.589
Chest,29.4,5,73.5,10.4,3.095
Chest,49.0,5,88.8,3.4,6.661
Chest,163.2,2,87.1,11.1,3.343
Chest,30.1,2,60.0,3.6,4.35
Chest,126.7,2,60.0,14.7,3.516
Chest,151.8,2,71.7,3.4,5.65
Chest,152.7,2,89.8,3.6,6.466
Chest,46.1,2,90.3,12.9,2.732
Chest,21.7,3,59.3,3.6,3.94
Chest,95.3,1,78.0,5.4,6.369
Chest,48.5,2,61.2,10.7,3.001
Chest,142.9,2,82.4,2.4,8.924
Chest,77.8,1,91.7,2.4,7.041
Chest,95.4,5,73.2,7.3,3.067
Chest,31.6,4,58.3,3.7,4.588
Chest,117.8,5,78.2,3.5,9.982
Chest,45.2,3,71.3,0.1,6.524
Chest,139.0,1,87.4,5.6,5.789
Chest,23.5,5,68.6,4.8,4.854
Chest,195.4,3,90.0,0.5,8.867
Chest,140.1,4,65.9,9.3,5.335
Chest,44.5,2,61.3,9.4,2.624
Chest,12.7,3,67.3,1.1,4.258
Chest,73.5,3,56.4,4.8,6.361
Chest,39.0,2,66.2,13.1,2.702
Chest,51.5,3,81.4,8.7,5.331
Chest,175.8,4,60.7,6.2,6.94
Chest,124.6,1,59.5,7.0,4.314
Chest,43.5,1,60.3,3.1,4.667
Chest,115.8,5,58.1,12.2,4.873
Chest,58.6,3,90.0,13.7,2.949
Chest,195.5,5,92.8,13.7,2.206
Chest,16.2,4,56.9,3.4,3.133
Chest,149.1,4,85.4,4.7,5.552
Chest,156.9,5,84.5,2.4,11.472
Chest,22.8,4,94.9,4.6,3.754
Chest,42.7,2,68.9,5.0,3.999
Chest,83.0,3,66.4,9.5,4.24
Chest,174.9,2,73.1,2.8,5.115
Chest,112.0,2,89.3,13.8,2.93
Chest,134.5,4,84.1,1.5,12.188
Chest,158.8,1,73.9,0.1,13.841
Chest,167.3,4,64.8,12.8,4.765
Chest,100.5,3,84.1,10.6,4.684
Chest,106.7,2,89.2,5.3,5.854
Chest,146.4,1,71.0,8.9,3.679
Chest,60.0,4,81.7,3.4,10.078
Chest,172.4,5,71.0,2.5,8.489
Chest,13.9,4,74.1,7.1,3.09
Chest,47.2,3,76.0,5.3,6.586
Chest,162.0,4,86.0,9.2,3.569
Chest,74.6,3,94.1,3.3,6.597
Chest,38.5,2,72.8,9.9,2.758
Chest,45.5,2,68.7,11.5,3.126
Chest,110.8,2,69.9,2.5,8.324
Chest,170.8,5,60.4,0.7,16.15
Chest,23.4,4,66.9,6.6,2.563
Chest,15.8,1,58.5,11.6,1.48
Chest,98.4,5,72.1,9.8,5.83
Chest,191.7,1,61.7,10.5,3.705
Chest,63.0,3,68.9,6.0,5.75
Chest,192.2,1,86.7,3.5,5.129
Chest,178.7,2,64.8,8.0,4.911
Chest,63.8,4,79.5,3.1,8.574
Chest,165.2,5,91.0,10.9,4.814
Chest,140.3,5,77.7,3.0,9.62
Chest,107.2,5,62.8,4.4,9.6
Chest,90.4,2,68.8,7.6,6.16
Chest,164.9,1,78.6,7.3,4.915
Chest,160.7,5,75.3,9.0,4.147
Chest,153.8,5,60.9,6.6,5.523
Chest,199.7,2,72.9,13.8,3.203
Chest,100.9,1,76.7,12.6,3.915
Chest,163.3,4,65.7,13.2,3.786
Chest,173.9,1,79.5,9.4,3.421
Chest,50.2,1,57.8,9.5,2.622
Chest,18.0,5,68.5,9.1,1.411
Chest,86.9,3,87.2,6.5,5.735
Chest,172.8,1,65.4,4.8,4.283
Chest,64.9,4,79.2,8.9,4.078
Chest,143.0,2,71.4,0.4,9.967
Chest,11.4,3,67.7,0.1,2.487
Chest,77.5,5,91.6,12.8,4.358
Chest,126.9,2,68.7,0.7,11.614
Chest,34.7,4,64.5,7.9,3.444
Chest,180.4,5,91.4,9.2,4.501
Chest,39.7,3,84.8,3.0,6.467
Chest,182.9,5,82.3,13.4,3.395
Chest,51.1,3,57.0,2.9,5.792
Chest,198.9,3,60.2,13.3,4.433
Chest,124.9,5,80.5,11.4,5.489
Chest,26.0,4,63.4,3.6,4.987
Chest,22.4,5,64.0,2.3,5.353
Chest,24.2,4,86.2,4.7,2.412
Chest,122.1,4,66.4,6.0,8.469
Chest,163.8,2,57.9,3.7,7.328
Chest,86.6,2,56.5,15.0,4.003
Chest,94.5,5,72.7,3.4,9.009
Chest,122.0,4,79.7,12.5,4.601
Chest,111.3,2,89.8,2.4,7.978
Chest,140.7,2,59.4,14.7,3.697
Chest,99.6,4,62.9,3.4,8.182
Chest,145.6,1,76.2,6.3,6.2
Chest,199.5,1,69.6,8.4,2.984
Chest,76.6,4,74.3,1.8,8.818
Chest,12.3,2,92.0,12.3,1.847
Chest,33.9,4,76.8,4.1,4.579
Chest,115.2,3,71.6,8.2,5.291
Chest,75.4,5,94.6,8.2,4.386
Chest,188.6,3,57.6,9.0,4.915
Chest,129.2,5,92.3,0.8,9.766
Chest,108.9,5,75.1,2.5,9.13
Chest,161.6,2,75.2,2.4,9.219
Chest,59.1,5,91.9,4.5,5.619
Chest,165.8,4,75.3,2.2,10.596
Chest,10.6,1,72.5,13.8,1.148
Chest,127.7,1,65.9,7.7,5.856
Chest,187.6,2,81.4,9.4,4.472
Chest,159.7,1,77.8,5.4,8.933
Chest,172.2,2,63.6,4.1,7.783
Chest,85.4,5,83.4,7.5,6.166
Chest,166.6,3,80.8,4.4,5.941
Chest,114.7,1,70.9,5.2,5.963
Chest,127.5,3,55.2,6.8,7.326
Chest,21.2,2,72.9,7.6,3.374
Chest,48.3,5,55.2,14.8,3.903
Chest,114.7,1,58.0,3.3,7.924
Chest,21.2,4,72.2,7.3,2.145
Chest,150.9,3,58.3,2.2,9.415
Chest,169.6,1,66.0,5.2,4.379
Chest,184.9,4,81.2,10.8,3.337
Chest,29.3,3,67.3,2.6,5.324
Chest,188.5,4,94.9,8.7,5.459
Chest,22.8,4,91.7,6.3,3.784
Chest,100.1,4,78.4,0.8,12.768
Chest,169.6,3,93.7,14.0,3.993
Chest,23.4,1,89.7,6.2,2.151
Chest,13.5,1,67.8,11.8,1.205
Chest,14.7,3,85.0,6.2,1.462
Chest,107.1,2,60.5,14.1,2.259
Chest,164.2,4,82.4,4.4,8.439
Chest,34.2,3,74.6,6.2,3.518
Chest,33.7,5,55.7,11.4,3.437
Chest,118.0,1,66.0,5.2,7.187
Chest,54.5,2,93.2,5.5,4.497
Chest,148.7,4,67.6,14.9,4.351
Chest,190.4,1,62.3,8.3,3.741
Chest,155.5,2,62.5,10.3,2.823
Chest,176.7,4,74.2,9.7,5.094
Chest,108.7,3,88.7,12.4,3.885
Chest,168.1,4,85.3,12.9,3.829
Chest,44.8,3,72.5,8.4,5.558
Chest,23.0,5,63.3,4.4,2.665
Chest,134.6,5,56.8,0.3,12.516
Chest,19.9,5,73.5,9.2,1.873
Chest,179.6,1,87.6,12.4,4.029
Chest,141.4,3,84.2,6.8,6.266
Chest,190.9,1,71.3,2.5,7.548
Chest,69.6,2,78.8,4.3,5.308
Chest,102.4,2,72.4,7.6,4.664
Chest,150.9,4,78.2,12.6,5.155
Chest,56.1,3,75.7,2.6,9.649
Chest,113.0,5,82.2,9.2,5.896
Chest,135.3,2,75.3,11.3,3.52
Chest,196.0,4,92.6,14.0,3.923
Chest,151.5,4,72.1,1.8,14.068
Chest,32.4,5,55.6,13.9,2.56
Chest,100.3,2,64.5,9.0,6.168
Chest,121.9,4,75.0,11.5,4.166
Chest,37.9,1,76.6,0.8,6.468
Chest,92.1,3,77.1,7.6,6.309
Chest,64.0,3,83.6,9.3,4.818
Chest,32.6,5,66.0,4.6,4.054
Chest,107.3,4,81.6,6.5,5.738
Back,186.3,3,83.5,5.6,9.678
Back,124.2,5,66.2,6.5,9.727
Back,77.9,2,67.5,0.6,10.12
Back,94.2,2,63.9,7.9,4.891
Back,135.0,1,86.4,12.2,3.53
Back,91.1,2,93.4,9.9,5.429
Back,149.0,3,74.7,3.0,7.472
Back,27.5,5,56.7,10.9,2.322
Back,167.7,1,65.4,10.8,4.674
Back,48.8,4,61.3,3.9,5.636
Back,189.4,4,88.7,9.3,6.277
Back,39.6,5,58.4,9.2,5.294
Back,34.5,4,93.7,12.6,2.615
Back,164.3,1,78.5,2.0,8.606
Back,165.6,3,75.7,2.9,11.304
Back,150.4,5,88.9,7.3,7.163
Back,192.5,5,56.1,0.7,15.59
Back,61.4,4,86.1,6.2,5.964
Back,167.1,5,59.7,11.8,4.919
Back,76.9,4,88.6,2.2,6.527
Back,112.1,1,76.2,6.9,4.12
Back,94.7,5,57.4,14.8,2.654
Back,11.1,1,88.3,7.6,1.329
Back,119.1,2,56.1,7.5,4.44
Back,152.0,2,60.5,8.4,6.942
Back,43.2,4,86.9,2.8,6.488
Back,187.0,1,73.6,2.2,8.631
Back,110.8,4,90.3,10.2,4.714
Back,43.9,5,80.4,5.9,5.415
Back,132.7,4,79.9,4.3,7.771
Back,46.5,2,66.7,0.5,6.599
Back,22.1,5,60.3,12.7,2.421
Back,140.2,2,93.4,0.5,12.502
Back,31.0,4,59.2,11.2,2.567
Back,30.2,3,76.2,5.7,4.121
Back,150.6,1,65.9,9.0,5.157
Back,20.5,1,65.6,3.7,3.029
Back,163.9,1,78.8,2.3,7.756
Back,161.3,5,86.9,8.0,8.907
Back,36.9,5,86.1,10.4,2.813
Back,108.5,3,89.8,2.9,11.441
Back,28.4,5,66.7,6.5,3.303
Back,130.2,1,73.6,6.7,6.928
Back,22.0,5,55.4,3.2,4.159
Back,189.5,2,84.9,8.5,6.742
Back,49.5,1,67.1,2.2,5.266
Back,139.7,4,77.5,7.6,8.208
Back,34.4,2,61.8,1.7,7.293
Back,49.8,2,87.8,7.3,3.985
Back,95.7,4,87.7,4.7,7.967
Back,118.9,2,90.1,6.8,5.642
Back,199.8,4,56.8,6.5,6.698
Back,14.9,1,94.7,13.6,1.607
Back,10.1,1,64.9,7.3,0.807
Back,76.6,2,67.4,12.3,3.179
Back,79.6,4,65.0,3.4,10.664
Back,177.9,2,65.7,5.3,7.93
Back,183.4,1,77.1,1.1,13.853
Back,177.3,4,64.6,6.3,6.92
Back,37.2,3,70.8,10.0,3.231
Back,88.3,3,81.2,12.6,3.786
Back,151.7,2,88.4,8.5,5.802
Back,69.4,1,82.7,9.6,2.68
Back,136.0,1,78.8,2.7,9.684
Back,55.1,4,60.9,0.6,10.221
Back,71.4,1,87.6,11.9,3.497
Back,173.5,2,56.5,2.5,8.546
Back,57.6,5,65.6,1.4,7.565
Back,193.2,2,57.3,14.1,4.549
Back,68.2,4,81.7,14.5,2.918
Back,14.5,2,69.7,9.2,1.671
Back,58.4,5,81.1,5.7,7.993
Back,42.5,5,68.9,12.5,4.058
Back,106.3,3,73.2,3.1,6.805
Back,31.4,4,73.3,6.4,3.418
Back,128.9,3,56.8,5.4,8.028
Back,176.2,5,72.2,13.7,4.691
Back,78.9,2,80.6,13.8,2.661
Back,42.0,5,76.8,9.8,3.91
Back,86.0,4,58.0,1.7,10.249
Back,159.3,4,81.7,7.2,9.419
Back,122.4,2,67.4,3.7,7.901
Back,29.2,5,55.6,13.3,2.828
Back,112.1,4,61.2,2.1,8.511
Back,98.9,5,74.9,0.8,10.105
Back,72.2,5,67.4,10.6,5.254
Back,30.9,1,82.8,6.8,3.628
Back,196.4,5,64.6,12.6,4.064
Back,43.4,5,85.9,1.1,7.8
Back,46.6,2,66.5,12.0,2.195
Back,37.7,5,79.8,0.6,7.458
Back,118.3,3,87.0,0.4,14.393
Back,94.3,2,70.4,6.9,5.408
Back,57.4,2,56.9,3.3,5.965
Back,91.6,2,76.4,8.9,4.039
Back,138.0,1,94.8,0.4,9.923
Back,63.5,4,93.8,0.5,13.339
Back,183.9,4,63.8,10.9,5.575
Back,68.2,4,85.2,3.2,6.672
Back,47.7,3,68.8,9.8,3.501
Back,191.4,2,61.4,11.2,3.329
Back,164.0,4,81.6,0.9,10.896
Back,75.2,5,75.0,11.5,5.618
Back,169.9,1,76.6,4.0,7.361
Back,108.6,2,88.1,5.8,8.694
Back,75.9,5,68.5,1.3,10.119
Back,169.5,5,81.7,12.6,4.994
Back,152.9,5,69.6,8.4,7.179
Back,66.6,1,56.7,7.6,2.227
Back,125.3,3,70.1,14.5,4.507
Back,80.2,1,93.0,5.0,5.757
Back,10.2,5,74.3,13.4,1.409
Back,192.7,3,59.3,10.8,5.998
Back,114.4,2,82.5,13.9,3.215
Back,123.7,1,93.5,13.6,4.727
Back,124.0,4,91.3,14.9,4.226
Back,114.6,5,77.9,2.0,9.325
Back,65.1,5,70.1,11.9,4.262
Back,194.6,5,78.2,12.1,4.912
Back,128.1,5,87.6,9.7,7.449
Back,137.5,4,89.4,4.2,9.48
Back,96.4,5,87.8,14.5,4.354
Back,64.7,5,73.2,3.1,9.046
Back,22.2,3,59.8,7.5,3.065
Back,76.5,4,77.8,7.8,6.576
Back,43.5,5,61.3,2.4,8.23
Back,135.8,1,57.4,10.8,5.009
Back,177.0,4,74.9,1.3,12.614
Back,67.5,2,81.2,10.4,5.007
Back,73.2,1,89.2,12.7,3.345
Back,137.4,1,86.3,5.2,6.776
Back,38.4,1,89.3,10.6,3.602
Back,186.6,5,85.4,2.4,13.371
Back,79.1,4,83.1,12.7,4.356
Back,29.2,1,55.4,14.3,1.595
Back,43.2,4,80.0,2.3,8.62
Back,187.2,4,59.8,10.4,6.4
Back,57.0,3,57.3,7.6,4.924
Back,135.8,4,61.3,8.0,6.289
Back,39.7,5,87.9,10.6,3.504
Back,46.9,3,84.8,7.3,4.311
Back,177.1,4,93.0,9.0,5.38
Back,38.1,3,94.2,3.5,5.233
Back,13.6,2,90.7,5.7,1.878
Back,105.2,5,60.3,13.0,4.299
Back,173.9,3,90.1,1.6,12.499
Back,71.9,4,88.5,9.0,6.317
Back,34.4,4,89.8,2.8,6.471
Back,196.6,4,61.1,12.7,4.672
Back,138.6,4,59.7,8.7,7.156
Back,171.6,4,92.0,6.0,7.649
Back,152.9,3,62.0,3.7,6.991
Back,142.7,4,69.7,6.6,8.346
Back,83.1,3,73.2,14.4,3.975
Back,71.6,2,60.0,7.6,7.194
Back,146.2,4,55.8,7.0,8.749
Back,146.2,5,94.8,11.2,5.95
Back,190.6,4,90.1,5.7,8.047
Back,118.0,4,91.5,6.4,7.425
Back,66.0,5,66.4,5.1,5.404
Back,103.0,2,63.8,2.3,6.448
Back,126.6,1,72.0,10.7,3.894
Back,91.1,2,73.1,13.1,3.948
Back,160.3,4,55.2,13.6,2.911
Back,121.1,5,86.2,13.2,4.301
Back,11.8,3,94.9,6.8,1.421
Back,118.3,4,76.1,4.3,8.546
Back,130.4,1,70.5,9.6,4.386
Back,183.9,4,70.7,14.3,4.363
Back,88.6,4,58.8,10.9,6.466
Back,119.1,3,65.6,7.4,7.157
Back,100.2,4,75.1,10.3,4.901
Back,111.0,3,72.3,11.6,4.841
Back,22.8,3,76.8,13.8,1.785
Back,180.5,4,89.0,11.4,4.589
Back,183.0,4,64.0,6.5,6.39
Back,114.1,2,56.1,4.1,8.883
Back,115.7,2,56.5,7.5,5.367
Back,20.9,3,60.4,4.9,2.266
Back,123.6,2,77.8,14.1,4.098
Back,91.5,2,87.3,7.6,5.561
Back,144.7,2,90.5,7.1,4.075
Back,19.0,2,80.4,5.2,2.465
Back,145.1,3,71.1,9.6,6.603
Back,64.5,3,61.2,7.8,5.348
Back,133.8,4,71.1,1.9,15.688
Back,129.2,2,68.3,13.0,5.402
Back,53.1,5,89.8,5.4,7.039
Back,93.7,3,74.5,6.5,9.597
Back,168.8,4,64.0,3.1,11.26
Back,125.1,1,66.6,8.3,5.486
Back,23.1,1,60.5,10.5,2.259
Back,94.2,3,91.7,13.2,3.741
Back,69.2,2,57.0,0.8,9.355
Back,131.9,3,55.5,14.6,3.718
Back,126.8,1,62.3,10.6,4.944
Back,12.0,3,87.4,4.3,1.643
Back,125.5,4,75.9,3.1,8.948
Back,149.6,4,80.0,4.4,9.527
Back,156.1,2,69.3,13.1,4.274
Back,21.2,2,57.7,4.4,1.747
Back,67.7,3,89.2,6.9,3.983
Back,90.0,3,62.7,10.6,3.797
Back,44.2,4,56.3,13.1,2.536
Back,89.9,2,77.9,9.9,5.092
Back,23.5,4,58.3,11.3,2.282
Back,31.5,5,58.8,2.6,6.176
Back,137.1,2,87.0,13.2,4.942
Back,59.9,5,74.7,4.1,8.06
Back,145.2,2,64.7,1.9,11.062
Back,19.1,2,68.9,14.6,1.473
Back,116.9,4,84.2,3.0,11.689
Back,84.4,4,57.7,2.0,11.206
Back,161.4,3,59.7,9.4,6.042
Back,159.0,2,79.7,4.8,9.223
Back,81.4,1,79.3,2.0,4.896
Back,128.3,5,93.9,9.0,5.694
Back,53.2,5,70.0,11.4,3.592
Back,120.3,5,57.6,11.9,6.061
Back,25.4,3,76.5,2.3,5.734
Back,92.6,5,80.5,8.4,4.394
Back,44.7,3,60.6,12.2,3.952
Back,177.8,1,77.1,2.4,7.112
Back,94.5,1,62.9,3.1,6.039
Back,122.2,2,88.8,0.0,12.106
Back,78.5,2,88.4,7.9,4.747
Back,64.9,5,72.2,2.9,5.878
Back,48.6,2,93.7,10.9,3.638
Back,183.3,4,94.2,14.4,5.043
Back,161.9,2,60.2,3.1,10.231
Back,35.3,4,69.7,9.7,3.015
Back,151.9,3,79.0,3.2,9.39
Back,89.5,1,58.4,0.3,10.194
Back,12.9,3,70.3,11.4,1.839
Back,110.4,1,65.4,6.5,2.944
Back,34.7,5,93.1,14.2,1.956
Back,49.9,4,71.5,8.0,4.597
Back,142.2,5,85.5,2.4,8.81
Back,58.9,5,70.5,6.7,5.172
Back,179.5,2,60.3,3.0,8.521
Back,134.9,4,89.5,13.2,4.32
Back,168.1,1,55.0,10.4,4.625
Back,126.9,5,57.2,5.1,8.843
Back,175.1,4,69.6,7.9,6.451
Back,78.7,4,82.5,10.0,4.637
Back,114.3,5,68.7,11.7,4.968
Back,108.0,5,57.7,1.2,11.505
Back,181.7,5,67.7,0.3,9.868
Back,41.3,1,64.8,1.7,6.286
Back,119.8,1,55.2,5.9,5.613
Back,153.3,5,76.4,7.0,8.686
Back,80.3,2,59.7,2.0,9.274
Back,174.8,3,66.5,6.2,8.583
Back,80.9,1,80.6,6.6,4.311
Back,42.9,4,84.0,1.6,6.9
Back,121.0,5,65.5,13.7,3.606
Back,89.9,5,68.2,9.0,4.892
Back,12.9,3,64.9,5.8,2.337
Back,23.3,4,93.3,7.6,3.531
Back,47.1,3,62.6,4.7,4.224
Back,156.2,3,62.3,12.8,4.317
Back,179.5,3,72.8,8.6,5.943
Back,113.7,5,62.6,7.4,7.279
Back,30.1,2,61.3,13.7,1.247
Back,111.5,3,58.8,12.6,3.216
Back,172.6,4,80.6,12.2,5.663
Back,152.4,3,79.5,3.4,6.256
Back,65.3,1,81.0,2.3,6.551
Back,33.5,2,85.9,10.4,2.758
Back,181.1,4,68.1,7.0,7.63
Back,172.3,4,91.7,10.3,5.531
Back,20.2,4,84.3,11.4,1.789
Back,166.5,5,87.2,4.4,9.87
Back,28.5,4,83.8,4.3,4.438
Back,22.0,3,69.3,7.4,2.199
Back,154.1,2,66.3,4.1,8.087
Back,111.9,2,71.9,10.0,5.376
Back,88.8,5,58.9,11.2,6.27
Back,181.7,3,73.1,7.1,7.598
Back,169.5,4,56.7,10.9,6.636
Back,20.9,1,55.2,7.7,1.74
Back,127.1,1,92.3,10.7,4.084
Back,156.7,2,82.6,3.4,8.288
Back,114.6,1,77.5,11.1,4.311
Back,196.8,4,68.6,10.7,4.56
Back,140.3,4,77.8,4.0,11.253
Back,29.8,3,90.7,8.3,3.46
Back,47.7,2,81.1,12.8,2.771
Back,167.0,3,79.1,3.7,9.849
Back,199.4,1,73.4,11.0,4.65
Back,28.7,3,68.8,14.3,2.416
Back,29.1,1,82.9,13.0,1.355
Back,155.0,1,94.2,6.0,6.022
Back,22.2,1,72.0,9.1,1.963
Back,23.0,1,70.7,14.9,1.73
Back,178.9,3,72.1,8.5,5.397
Back,162.1,3,72.0,1.7,6.541
Back,177.5,4,94.6,0.7,10.646
Back,133.6,3,83.3,11.9,4.941
Back,71.3,1,69.4,6.4,5.147
Quads,127.2,2,62.9,5.9,7.838
Quads,21.6,4,70.0,0.7,6.043
Quads,134.5,5,79.2,5.0,5.692
Quads,105.9,2,86.3,14.4,5.134
Quads,96.1,5,69.6,7.6,6.417
Quads,146.7,4,80.0,12.3,3.822
Quads,154.1,4,74.3,1.9,6.558
Quads,170.8,4,88.9,4.0,7.569
Quads,81.2,1,77.8,14.2,3.472
Quads,72.1,4,66.6,5.8,6.64
Quads,145.7,2,83.1,9.7,6.445
Quads,120.5,2,87.8,14.6,3.776
Quads,130.0,1,73.6,8.3,4.667
Quads,115.5,1,94.5,4.6,6.67
Quads,156.8,5,90.2,8.0,7.273
Quads,46.1,2,62.9,0.8,7.771
Quads,115.6,2,86.5,1.7,9.245
Quads,40.0,3,79.0,0.1,9.355
Quads,87.4,4,76.4,13.3,4.088
Quads,136.2,3,75.6,10.1,5.095
Quads,103.7,3,89.1,4.5,7.404
Quads,82.1,5,79.4,3.3,10.382
Quads,178.1,3,76.5,10.2,5.969
Quads,156.8,4,57.0,13.8,4.563
Quads,110.0,5,72.9,4.5,10.241
Quads,190.5,4,91.3,4.8,12.647
Quads,90.6,1,83.5,12.8,4.049
Quads,159.7,2,57.0,13.4,5.723
Quads,41.9,4,90.4,13.7,3.515
Quads,64.3,3,88.1,4.4,5.912
Quads,74.2,2,76.9,1.8,8.872
Quads,30.1,2,55.9,6.6,2.27
Quads,105.3,1,77.5,4.4,7.035
Quads,46.5,2,57.2,13.3,2.427
Quads,130.5,4,67.8,0.5,13.661
Quads,46.1,1,80.2,9.5,2.779
Quads,33.5,5,91.5,13.6,2.296
Quads,194.1,2,69.3,14.7,4.949
Quads,135.1,5,89.4,9.8,6.159
Quads,187.9,2,91.7,14.2,2.962
Quads,103.1,5,55.8,1.1,10.534
Quads,16.3,3,64.6,5.4,1.489
Quads,119.1,5,83.4,0.1,15.426
Quads,116.1,1,85.3,14.7,4.245
Quads,12.8,4,70.7,13.5,1.234
Quads,173.6,2,81.3,0.4,11.875
Quads,127.8,2,79.5,0.3,13.838
Quads,151.5,1,84.6,5.5,6.721
Quads,103.8,5,83.7,3.9,7.403
Quads,127.5,4,58.4,12.7,5.998
Quads,58.9,5,61.3,2.4,9.128
Quads,195.0,3,60.3,11.9,6.371
Quads,86.1,1,92.3,8.3,4.319
Quads,40.8,2,91.5,5.7,5.043
Quads,20.6,3,86.9,2.2,3.334
Quads,130.9,1,59.7,15.0,4.405
Quads,196.8,5,78.0,9.3,6.173
Quads,180.2,5,62.5,6.6,7.754
Quads,143.4,3,69.7,5.6,4.926
Quads,198.2,3,65.7,13.6,4.768
Quads,147.3,4,88.2,12.3,5.748
Quads,74.5,4,60.8,12.2,4.111
Quads,124.2,1,80.8,9.2,7.027
Quads,25.2,3,94.4,13.3,1.376
Quads,52.1,4,82.5,4.5,5.616
Quads,89.3,5,58.2,10.6,4.333
Quads,48.3,3,91.3,6.1,4.304
Quads,191.2,5,80.7,9.0,8.101
Quads,199.2,3,73.3,15.0,6.029
Quads,80.5,2,81.4,14.8,3.132
Quads,144.8,3,90.2,7.7,6.099
Quads,87.5,4,74.1,8.6,4.801
Quads,36.5,5,76.3,13.5,3.41
Quads,74.0,2,73.1,14.8,4.237
Quads,54.3,2,57.9,11.7,3.272
Quads,72.3,4,86.5,1.0,8.381
Quads,50.9,4,60.1,4.8,4.512
Quads,31.3,2,70.8,13.4,2.221
Quads,51.3,4,70.5,11.5,4.189
Quads,182.1,1,66.2,11.1,3.155
Quads,26.2,2,71.1,10.0,2.089
Quads,71.7,5,79.7,6.2,8.17
Quads,110.4,3,67.5,6.0,7.121
Quads,77.4,5,61.9,12.1,5.707
Quads,108.3,2,89.8,4.4,8.632
Quads,18.2,2,93.8,10.3,1.17
Quads,133.2,5,73.3,10.9,5.664
Quads,117.1,5,68.1,12.7,5.082
Quads,139.4,5,56.9,4.8,7.552
Quads,117.8,2,56.5,11.1,4.057
Quads,93.2,5,70.7,1.6,14.001
Quads,76.5,3,92.2,2.1,7.574
Quads,53.0,5,84.2,6.3,6.36
Quads,105.0,5,69.0,0.8,12.036
Quads,14.9,3,93.7,14.2,1.153
Quads,72.4,2,72.2,13.5,4.049
Quads,138.8,5,66.1,0.7,12.847
Quads,30.7,3,72.1,12.6,2.64
Quads,21.9,3,63.5,7.6,1.357
Quads,133.9,4,90.4,10.5,6.533
Quads,85.6,5,69.4,13.3,2.45
Quads,162.3,1,81.3,8.7,5.618
Quads,188.1,5,70.6,1.7,14.615
Quads,191.8,3,91.1,0.0,16.517
Quads,90.9,1,80.7,7.5,4.153
Quads,60.2,2,74.5,14.2,2.463
Quads,125.6,3,60.3,8.6,5.568
Quads,129.4,4,91.1,5.6,8.677
Quads,128.2,3,76.9,0.5,9.343
Quads,71.1,1,66.4,13.7,3.314
Quads,22.1,3,90.1,4.9,3.144
Quads,49.9,2,57.2,10.6,3.179
Quads,39.3,2,67.6,10.4,3.278
Quads,33.5,4,76.5,3.8,5.127
Quads,186.0,5,68.6,1.0,12.917
Quads,12.6,1,74.1,5.8,0.781
Quads,124.4,4,65.6,4.8,9.272
Quads,190.0,3,60.2,10.5,4.905
Quads,78.4,2,56.5,12.3,3.501
Quads,110.1,4,61.3,3.3,10.663
Quads,142.2,2,93.1,7.9,7.882
Quads,70.3,4,78.0,0.6,11.303
Quads,100.8,3,74.6,3.2,10.11
Quads,165.2,1,70.4,11.4,3.673
Quads,151.6,4,83.3,11.9,6.119
Quads,163.6,5,60.7,11.6,5.744
Quads,197.6,3,66.0,2.1,13.935
Quads,80.4,4,81.2,8.3,5.346
Quads,151.9,1,74.2,6.3,6.609
Quads,124.5,2,85.8,14.9,5.048
Quads,136.7,2,90.9,9.8,5.494
Quads,150.6,4,87.9,14.0,4.18
Quads,152.4,2,62.4,2.2,15.226
Quads,178.3,4,58.7,6.8,6.541
Quads,76.4,2,61.8,11.6,4.046
Quads,134.2,4,86.3,5.5,9.154
Quads,63.3,2,91.6,9.5,4.36
Quads,123.0,3,92.0,7.7,6.424
Quads,152.7,1,66.9,14.9,3.997
Quads,160.3,4,88.6,2.6,11.207
Quads,89.8,1,76.4,14.0,2.893
Quads,106.7,5,87.9,6.0,10.374
Quads,73.4,5,76.9,7.0,5.859
Quads,42.1,3,60.8,7.9,4.272
Quads,59.5,5,58.2,4.0,6.422
Quads,183.3,5,93.3,14.5,4.656
Quads,68.7,1,72.0,13.7,2.997
Quads,195.2,4,69.0,14.6,3.714
Quads,55.9,2,69.3,15.0,2.857
Quads,147.4,5,70.2,10.0,5.963
Quads,119.0,5,92.8,6.8,8.804
Quads,142.4,5,57.5,12.8,4.199
Quads,132.4,3,59.8,0.4,12.626
Quads,144.3,1,86.6,12.5,3.824
Quads,182.1,1,77.0,7.5,7.963
Quads,117.1,1,60.1,10.1,4.136
Quads,22.9,5,56.4,5.6,3.312
Quads,61.5,3,64.0,5.5,6.866
Quads,144.6,2,65.4,0.5,12.942
Quads,103.9,3,55.6,6.4,5.238
Quads,114.2,1,63.6,6.1,4.912
Quads,123.4,3,84.5,3.4,11.048
Quads,82.7,3,89.2,3.7,6.275
Quads,157.0,4,90.9,8.8,7.423
Quads,147.5,1,70.6,4.8,7.946
Quads,145.7,5,67.8,12.5,5.951
Quads,145.9,1,95.0,1.7,11.097
Quads,179.2,3,85.8,8.7,5.597
Quads,123.1,2,76.5,2.4,8.469
Quads,193.7,4,65.2,7.9,8.361
Quads,32.6,4,67.9,8.3,2.956
Quads,130.1,1,75.6,9.6,2.707
Quads,146.2,3,76.7,6.4,8.679
Quads,100.7,3,55.5,7.6,5.058
Quads,64.8,3,93.4,2.7,8.308
Quads,114.5,1,78.0,6.9,7.603
Quads,79.3,1,78.6,5.6,5.879
Quads,182.7,3,63.5,10.0,7.192
Quads,77.8,2,85.6,6.5,5.903
Quads,43.4,3,84.5,11.7,4.133
Quads,119.5,1,58.8,6.4,5.15
Quads,85.2,4,78.8,3.5,8.886
Quads,28.2,1,81.3,4.1,3.873
Quads,117.3,4,88.4,0.7,13.324
Quads,112.2,5,63.2,8.1,7.988
Quads,42.9,2,90.1,12.5,2.524
Quads,123.6,1,73.5,11.5,6.45
Quads,117.8,1,58.9,6.6,8.498
Quads,157.0,2,59.2,2.9,10.277
Quads,78.7,1,62.9,13.0,3.988
Quads,57.3,5,66.3,0.9,11.515
Quads,190.7,5,74.9,6.0,6.845
Quads,116.6,5,85.0,12.8,3.918
Quads,15.2,5,62.5,5.9,2.667
Quads,165.9,3,94.7,1.8,12.352
Quads,47.4,2,61.5,4.0,5.115
Quads,159.3,3,79.0,9.0,6.592
Quads,144.0,2,92.2,2.3,6.305
Quads,194.1,5,88.3,9.8,6.234
Quads,193.5,3,80.9,6.6,6.771
Quads,62.1,2,83.6,5.0,6.725
Quads,155.6,4,60.4,3.6,12.184
Quads,70.2,2,55.4,12.3,4.099
Quads,129.5,2,72.4,6.0,7.851
Quads,123.6,2,58.6,11.1,3.682
Quads,20.4,1,69.3,6.6,2.415
Quads,11.0,1,63.9,1.4,2.322
Quads,21.0,3,91.7,6.6,3.105
Quads,34.3,5,90.2,7.6,4.989
Quads,59.0,2,87.8,6.9,3.336
Quads,182.3,4,83.6,12.2,5.383
Quads,108.5,2,61.2,13.7,3.665
Quads,161.4,2,56.9,11.8,5.235
Quads,169.3,1,81.2,8.7,5.838
Quads,149.6,3,80.7,8.1,6.655
Quads,84.4,4,69.8,9.7,6.532
Quads,174.1,2,73.9,4.3,7.185
Quads,151.0,3,74.6,12.2,4.453
Quads,151.2,3,64.6,12.9,4.266
Quads,181.3,2,67.6,4.0,8.47
Quads,123.7,4,71.7,13.5,4.022
Quads,110.4,3,79.1,12.7,4.823
Quads,179.1,1,93.2,6.4,6.509
Quads,96.3,3,76.5,13.6,3.787
Quads,164.2,2,84.2,1.8,12.935
Quads,20.2,4,87.3,0.4,4.761
Quads,10.2,2,59.5,5.2,1.752
Quads,110.4,5,81.1,8.5,6.299
Quads,24.0,4,74.3,5.3,3.316
Quads,195.5,1,77.9,14.1,3.862
Quads,11.0,3,56.5,3.8,1.763
Quads,146.4,5,91.2,4.2,10.758
Quads,56.2,2,93.1,9.5,3.553
Quads,193.8,4,55.1,0.1,17.037
Quads,82.5,4,63.5,10.9,4.299
Quads,15.2,4,62.2,5.7,2.52
Quads,15.1,1,86.3,14.7,0.845
Quads,115.1,2,78.9,10.4,6.054
Quads,197.5,2,62.1,0.8,12.858
Quads,196.2,2,87.6,1.4,14.707
Quads,74.1,5,69.1,1.3,8.473
Quads,101.7,1,73.4,14.3,2.748
Quads,29.1,3,70.5,10.3,2.237
Quads,109.2,5,75.9,6.4,5.772
Quads,123.9,5,74.2,3.0,8.212
Quads,57.7,4,66.0,13.1,4.169
Quads,126.3,5,72.0,3.0,10.648
Quads,180.9,3,91.3,10.6,5.349
Quads,10.2,4,75.1,11.4,0.924
Quads,53.5,3,91.7,4.4,5.247
Quads,49.9,1,77.0,7.6,5.114
Quads,33.5,1,85.8,3.3,3.604
Quads,41.6,5,66.7,5.7,3.626
Quads,128.9,1,86.6,14.5,4.635
Quads,29.5,2,65.6,10.4,2.284
Quads,150.3,4,55.8,12.7,7.446
Quads,178.5,3,61.4,8.1,6.258
Quads,186.1,3,55.9,3.6,11.103
Quads,135.4,5,92.9,10.7,7.01
Quads,47.5,4,95.0,7.5,4.048
Quads,26.2,5,85.5,2.7,3.859
Quads,54.1,4,59.3,6.2,6.15
Quads,192.8,5,91.0,9.5,7.172
Quads,192.8,4,84.8,11.0,4.636
Quads,82.6,3,68.3,3.6,6.583
Quads,71.9,5,75.1,13.1,2.201
Quads,106.9,5,81.5,5.7,8.693
Quads,65.4,1,56.0,4.1,5.609
Quads,196.1,5,75.1,2.9,10.957
Quads,52.0,4,84.3,12.1,2.504
Quads,80.1,5,62.5,5.3,5.82
Quads,91.6,4,72.8,7.3,6.179
Quads,33.8,5,76.3,3.3,4.489
Quads,82.7,2,84.4,10.3,4.71
Quads,172.8,1,93.6,11.7,5.25
Quads,36.7,1,88.9,5.1,5.391
Quads,121.0,2,79.9,14.2,4.343
Quads,87.3,2,78.3,0.5,13.376
Quads,42.4,3,79.1,2.0,5.661
Quads,12.3,1,76.8,8.8,0.637
Quads,61.9,1,57.4,10.5,3.337
Quads,21.7,3,82.9,3.8,2.261
Quads,81.6,4,83.7,8.3,5.925
Quads,163.9,1,75.5,4.8,6.827
Quads,146.7,3,89.8,8.3,4.443
Quads,190.0,4,81.9,9.9,8.585
Quads,91.1,4,69.5,14.6,3.955
Quads,144.5,1,55.8,6.8,4.554
Quads,136.4,4,57.4,9.7,7.343
Quads,51.2,1,69.1,8.7,3.163
Quads,67.7,2,73.5,4.8,7.426
Quads,110.7,2,61.7,3.8,7.297
Quads,161.4,5,62.6,14.8,4.485
Quads,97.7,1,64.2,3.1,8.441
Quads,53.3,4,86.2,11.9,4.203
Quads,198.8,5,85.9,2.2,13.542
Quads,32.0,5,70.3,12.1,2.564
Quads,191.6,2,61.9,2.8,10.924
Quads,163.7,1,59.4,14.5,4.734
Quads,169.4,2,58.5,10.3,5.761
Hamstrings,156.3,3,74.4,11.7,4.724
Hamstrings,71.5,5,80.5,0.5,11.274
Hamstrings,63.7,1,76.0,11.8,2.059
Hamstrings,59.3,1,56.7,10.6,2.99
Hamstrings,63.8,4,89.9,11.3,4.518
Hamstrings,74.2,4,73.3,3.7,8.116
Hamstrings,124.9,4,58.1,5.9,4.523
Hamstrings,120.9,2,85.9,1.8,9.814
Hamstrings,58.6,1,81.4,3.6,6.192
Hamstrings,49.2,2,81.0,4.5,6.417
Hamstrings,167.0,3,72.1,4.8,6.571
Hamstrings,27.6,3,71.4,2.6,2.745
Hamstrings,107.4,5,76.5,2.8,7.917
Hamstrings,108.9,5,57.0,13.5,3.467
Hamstrings,119.1,4,67.0,11.8,5.643
Hamstrings,178.3,1,94.5,5.2,3.123
Hamstrings,128.5,1,81.5,14.2,3.296
Hamstrings,195.0,3,71.8,3.6,9.936
Hamstrings,175.6,4,63.9,6.1,6.941
Hamstrings,50.8,4,84.8,12.2,4.184
Hamstrings,55.8,2,65.4,6.6,3.278
Hamstrings,75.5,1,61.5,3.5,4.669
Hamstrings,84.4,2,61.2,5.5,7.551
Hamstrings,115.1,4,84.2,7.5,6.569
Hamstrings,54.2,5,80.7,9.3,4.404
Hamstrings,52.2,5,57.8,6.1,4.149
Hamstrings,82.5,3,59.6,6.5,6.02
Hamstrings,137.7,1,80.4,4.0,5.689
Hamstrings,140.7,5,77.8,8.0,7.438
Hamstrings,195.5,1,82.4,3.3,10.481
Hamstrings,48.5,2,62.1,13.0,3.196
Hamstrings,84.6,5,84.1,11.2,4.125
Hamstrings,193.3,3,92.4,6.2,3.493
Hamstrings,141.1,1,79.0,11.2,2.89
Hamstrings,122.5,3,62.8,0.1,15.827
Hamstrings,112.5,1,82.2,5.2,5.207
Hamstrings,24.3,2,68.7,6.6,2.554
Hamstrings,179.7,5,57.0,7.0,6.921
Hamstrings,128.8,2,67.1,11.2,5.735
Hamstrings,118.6,5,91.2,14.4,4.05
Hamstrings,112.5,3,71.4,5.7,6.505
Hamstrings,84.5,4,89.6,5.3,7.096
Hamstrings,58.4,4,75.3,9.2,4.086
Hamstrings,153.5,3,75.7,4.2,7.117
Hamstrings,106.8,1,55.2,2.1,8.775
Hamstrings,16.4,5,80.5,14.4,1.495
Hamstrings,85.8,3,59.3,12.1,5.843
Hamstrings,186.4,4,74.1,14.4,4.543
Hamstrings,81.0,3,65.4,3.3,9.41
Hamstrings,88.5,4,70.7,0.3,10.301
Hamstrings,128.6,2,76.5,6.6,6.698
Hamstrings,162.3,5,55.6,14.0,3.613
Hamstrings,137.0,2,66.4,2.1,9.81
Hamstrings,171.5,4,94.6,1.8,11.469
Hamstrings,31.7,3,57.3,1.0,6.057
Hamstrings,185.7,3,67.8,11.5,6.569
Hamstrings,181.7,1,67.9,11.8,4.978
Hamstrings,108.6,2,70.2,10.4,5.712
Hamstrings,128.7,1,82.4,0.8,11.341
Hamstrings,50.4,3,64.9,10.8,4.813
Hamstrings,95.1,4,73.4,6.7,4.967
Hamstrings,48.5,3,80.8,2.4,8.484
Hamstrings,14.2,4,67.9,4.4,1.918
Hamstrings,196.4,2,93.0,7.5,4.724
Hamstrings,59.2,2,94.2,4.9,5.919
Hamstrings,122.7,3,59.8,14.5,4.932
Hamstrings,67.0,2,68.8,7.1,3.917
Hamstrings,80.4,5,63.3,5.6,6.064
Hamstrings,85.6,5,62.5,10.1,5.046
Hamstrings,73.7,3,74.6,9.8,4.475
Hamstrings,131.1,4,77.6,0.0,15.657
Hamstrings,192.6,1,72.0,9.3,7.334
Hamstrings,91.4,1,65.9,3.7,7.377
Hamstrings,194.9,2,66.1,5.6,5.414
Hamstrings,136.9,2,94.7,10.6,3.454
Hamstrings,125.4,2,91.9,8.4,4.957
Hamstrings,55.0,3,58.0,5.5,4.428
Hamstrings,22.0,4,81.3,2.5,4.565
Hamstrings,171.9,3,73.3,7.6,6.392
Hamstrings,119.1,3,82.6,4.8,6.939
Hamstrings,88.7,1,78.9,13.7,4.81
Hamstrings,164.3,2,90.6,8.0,4.605
Hamstrings,69.0,5,57.7,13.0,3.757
Hamstrings,158.9,5,69.0,5.9,7.911
Hamstrings,72.3,1,94.4,12.4,3.911
Hamstrings,185.0,1,62.3,0.8,11.515
Hamstrings,60.9,5,60.1,4.5,6.938
Hamstrings,36.1,1,84.2,1.2,6.798
Hamstrings,142.6,3,86.1,0.5,10.668
Hamstrings,40.9,5,81.9,13.8,3.409
Hamstrings,190.4,4,86.0,10.8,5.809
Hamstrings,134.6,3,82.7,9.4,6.818
Hamstrings,53.9,2,60.4,8.0,2.842
Hamstrings,49.7,4,79.3,8.5,3.67
Hamstrings,185.5,4,86.1,9.6,6.176
Hamstrings,125.5,5,89.6,12.4,2.421
Hamstrings,179.8,3,64.8,9.0,5.774
Hamstrings,30.9,5,60.1,11.2,3.276
Hamstrings,185.8,4,86.2,4.2,7.257
Hamstrings,108.8,1,65.3,14.7,3.202
Hamstrings,137.0,2,56.3,0.5,9.049
Hamstrings,80.8,4,88.0,5.8,6.033
Hamstrings,21.2,1,75.2,13.2,1.361
Hamstrings,192.0,4,68.1,2.7,8.269
Hamstrings,199.0,2,55.5,2.1,7.364
Hamstrings,79.3,2,56.4,5.5,5.562
Hamstrings,189.3,3,86.7,6.4,5.937
Hamstrings,41.9,5,74.6,14.0,3.992
Hamstrings,39.4,5,61.0,12.5,2.714
Hamstrings,23.9,3,69.3,7.0,3.035
Hamstrings,84.3,1,61.6,14.6,2.86
Hamstrings,19.9,5,59.5,9.6,1.844
Hamstrings,85.0,5,66.1,13.1,2.888
Hamstrings,36.3,4,77.0,3.7,3.861
Hamstrings,148.8,4,63.4,7.3,5.113
Hamstrings,168.3,3,68.7,0.4,12.223
Hamstrings,140.7,1,74.1,0.1,13.022
Hamstrings,48.1,1,71.8,10.6,2.019
Hamstrings,155.7,1,60.1,1.8,7.867
Hamstrings,57.4,5,56.6,8.2,3.488
Hamstrings,154.3,1,56.4,10.4,4.023
Hamstrings,117.8,3,69.0,0.5,14.2
Hamstrings,79.7,2,83.8,6.7,5.006
Hamstrings,25.9,1,60.3,10.3,2.054
Hamstrings,167.2,5,86.5,13.3,5.566
Hamstrings,188.5,1,83.6,4.5,6.935
Hamstrings,136.5,5,55.2,14.6,3.532
Hamstrings,193.3,4,56.1,12.7,4.517
Hamstrings,187.5,4,62.8,9.8,4.521
Hamstrings,47.0,1,57.2,5.9,4.445
Hamstrings,148.9,5,76.3,10.7,5.684
Hamstrings,76.4,3,56.6,12.2,2.941
Hamstrings,102.6,3,87.1,4.5,7.696
Hamstrings,39.8,4,74.7,14.9,2.668
Hamstrings,195.2,2,84.1,13.6,4.147
Hamstrings,148.0,2,85.0,7.3,6.561
Hamstrings,60.7,2,75.3,10.8,4.074
Hamstrings,80.6,3,92.0,7.9,4.994
Hamstrings,90.3,4,94.6,11.4,5.443
Hamstrings,152.0,2,69.4,12.4,3.52
Hamstrings,185.9,2,60.0,0.3,8.51
Hamstrings,71.1,5,69.5,1.2,4.72
Hamstrings,99.8,3,63.9,5.0,7.032
Hamstrings,122.7,5,76.2,13.8,3.781
Hamstrings,84.7,2,70.1,6.0,6.332
Hamstrings,105.8,2,74.2,13.3,2.527
Hamstrings,30.1,2,85.5,6.9,2.726
Hamstrings,41.9,3,66.0,4.3,5.586
Hamstrings,86.2,4,76.5,13.5,3.441
Hamstrings,183.8,3,68.4,8.4,5.903
Hamstrings,76.4,2,86.4,5.4,5.333
Hamstrings,57.5,5,80.6,0.7,9.651
Hamstrings,151.1,3,55.3,1.7,10.935
Hamstrings,190.3,2,81.4,2.1,10.199
Hamstrings,97.2,1,61.8,5.5,6.006
Hamstrings,11.6,3,84.0,9.1,1.061
Hamstrings,140.7,4,77.7,4.6,7.524
Hamstrings,88.9,5,71.1,1.0,12.305
Hamstrings,138.0,2,82.8,4.0,6.257
Hamstrings,62.8,1,89.3,6.1,4.591
Hamstrings,10.5,5,86.1,14.9,0.826
Hamstrings,75.5,3,76.8,5.9,6.004
Hamstrings,143.9,1,83.9,1.3,7.762
Hamstrings,84.7,1,71.6,8.7,2.996
Hamstrings,51.6,3,86.6,13.8,3.431
Hamstrings,98.2,4,88.2,11.8,5.595
Hamstrings,152.9,2,60.5,12.5,2.729
Hamstrings,32.7,2,64.5,13.9,2.365
Hamstrings,141.4,4,65.8,9.5,6.708
Hamstrings,136.8,5,61.6,14.9,4.596
Hamstrings,80.4,3,70.7,0.5,10.216
Hamstrings,194.4,3,62.7,12.5,3.488
Hamstrings,180.0,2,78.8,12.9,4.065
Hamstrings,70.1,1,59.1,13.8,3.26
Hamstrings,15.9,1,65.8,7.2,1.789
Hamstrings,68.6,5,81.6,11.8,4.034
Hamstrings,48.9,1,70.9,2.9,4.584
Hamstrings,114.0,5,71.9,9.0,6.202
Hamstrings,184.6,2,86.9,5.4,6.903
Hamstrings,175.4,4,94.4,8.9,5.739
Hamstrings,68.1,5,77.6,10.1,4.687
Hamstrings,91.4,4,58.2,5.2,9.24
Hamstrings,16.9,4,59.1,3.2,2.715
Hamstrings,113.4,2,93.7,4.8,8.329
Hamstrings,22.0,3,82.2,10.0,1.832
Hamstrings,188.3,4,85.1,10.2,6.227
Hamstrings,174.7,3,82.0,11.1,5.767
Hamstrings,50.7,1,62.2,1.9,6.064
Hamstrings,142.9,5,72.9,12.3,6.217
Hamstrings,117.9,1,86.9,10.3,4.768
Hamstrings,162.3,5,89.7,0.5,10.545
Hamstrings,100.4,5,64.5,5.0,7.014
Hamstrings,46.4,1,78.8,7.0,4.69
Hamstrings,131.6,4,61.3,5.4,8.694
Hamstrings,25.3,4,93.3,1.8,4.008
Hamstrings,121.1,2,65.1,3.1,8.036
Hamstrings,50.4,5,84.1,0.4,9.721
Hamstrings,140.1,1,64.2,1.4,8.464
Hamstrings,167.3,2,79.6,4.0,10.406
Hamstrings,30.8,5,81.4,12.3,2.697
Hamstrings,86.1,4,68.1,7.9,5.8
Hamstrings,149.4,1,87.8,6.4,6.856
Hamstrings,41.1,1,90.4,9.9,2.685
Hamstrings,117.6,2,89.2,8.1,6.35
Hamstrings,137.6,1,68.2,2.0,6.267
Hamstrings,77.4,1,84.8,3.3,6.171
Hamstrings,168.1,3,77.4,3.3,9.954
Hamstrings,107.0,1,78.7,9.0,6.126
Hamstrings,129.1,2,74.1,6.9,5.163
Hamstrings,36.8,2,79.0,5.8,3.279
Hamstrings,14.4,5,60.4,8.3,1.999
Hamstrings,19.6,5,71.4,14.6,1.396
Hamstrings,181.7,5,62.1,4.7,7.233
Hamstrings,177.7,2,66.2,7.8,6.225
Hamstrings,163.4,3,60.1,7.2,5.44
Hamstrings,47.9,3,63.5,10.7,2.178
Hamstrings,109.8,5,86.3,11.0,3.894
Hamstrings,161.3,4,77.0,10.9,5.164
Hamstrings,138.2,5,55.9,3.0,6.247
Hamstrings,31.9,3,86.5,6.7,3.328
Hamstrings,180.2,5,91.4,12.2,3.387
Hamstrings,40.5,4,90.2,5.7,6.113
Hamstrings,42.6,4,87.9,14.8,4.067
Hamstrings,181.2,4,94.7,5.5,5.791
Hamstrings,102.1,2,78.5,7.5,5.863
Hamstrings,80.8,4,93.5,7.1,4.907
Hamstrings,115.2,2,93.0,6.5,5.651
Hamstrings,196.5,4,67.5,12.7,5.974
Hamstrings,32.7,2,89.5,2.3,4.549
Hamstrings,153.8,4,86.7,8.5,5.643
Hamstrings,73.5,3,86.0,9.3,3.908
Hamstrings,32.2,4,90.9,12.8,3.195
Hamstrings,90.2,2,70.4,9.1,1.978
Hamstrings,114.3,4,71.0,14.4,4.013
Hamstrings,49.1,5,80.6,13.1,3.288
Hamstrings,87.0,1,84.5,5.2,5.19
Hamstrings,130.8,2,90.2,12.9,4.717
Hamstrings,119.5,4,90.0,14.4,5.254
Hamstrings,147.4,5,83.9,3.9,6.504
Hamstrings,168.9,4,93.3,9.2,7.575
Hamstrings,87.7,3,62.1,4.2,5.554
Hamstrings,90.4,2,93.0,9.7,5.6
Hamstrings,104.4,5,57.6,1.4,11.043
Hamstrings,117.6,5,77.2,11.0,4.675
Hamstrings,30.6,5,58.6,6.3,3.379
Hamstrings,69.4,2,77.7,8.8,4.458
Hamstrings,42.7,3,70.6,0.4,8.459
Hamstrings,83.3,2,58.3,10.4,3.525
Hamstrings,194.9,5,80.9,7.4,5.84
Hamstrings,120.7,5,84.2,9.4,4.859
Hamstrings,91.6,1,62.0,4.7,4.875
Hamstrings,117.5,2,82.8,2.2,7.871
Hamstrings,137.1,3,62.2,6.5,5.176
Hamstrings,92.6,3,60.5,14.2,3.578
Hamstrings,95.1,3,60.9,3.4,8.688
Hamstrings,143.3,2,79.0,10.1,4.905
Hamstrings,21.6,4,86.2,0.7,6.89
Hamstrings,112.6,5,78.9,10.8,3.142
Hamstrings,114.0,5,87.4,3.6,9.427
Hamstrings,153.8,3,78.7,6.8,6.382
Hamstrings,196.7,5,86.9,5.5,7.941
Hamstrings,161.2,4,94.1,1.7,11.74
Hamstrings,105.7,1,70.6,5.2,6.1
Hamstrings,42.2,4,61.0,5.3,5.19
Hamstrings,121.8,2,60.4,7.8,4.767
Hamstrings,168.5,4,78.9,14.6,4.719
Hamstrings,187.2,4,76.9,7.1,4.342
Hamstrings,166.8,5,62.4,13.7,4.918
Hamstrings,45.9,5,90.3,6.9,4.535
Hamstrings,145.4,5,93.3,1.6,9.746
Hamstrings,177.2,3,65.1,3.5,7.9
Hamstrings,139.4,3,63.3,6.1,6.502
Hamstrings,140.3,3,63.6,4.9,9.035
Hamstrings,105.0,5,70.5,13.0,7.242
Hamstrings,131.0,2,89.1,10.2,5.778
Hamstrings,65.9,3,78.8,8.7,4.242
Hamstrings,26.9,4,57.7,7.4,3.515
Hamstrings,167.3,1,73.9,6.0,6.541
Hamstrings,189.2,4,58.6,9.2,4.534
Hamstrings,172.8,2,71.2,1.9,7.296
Hamstrings,73.4,2,71.1,2.4,7.716
Hamstrings,27.8,4,80.9,4.5,4.722
Hamstrings,63.2,1,77.0,2.6,4.852
Hamstrings,170.1,1,90.0,10.2,3.717
Hamstrings,134.6,3,55.7,0.4,13.005
Hamstrings,193.7,3,86.0,2.4,9.041
Hamstrings,75.1,1,55.9,13.5,4.089
Hamstrings,114.8,2,67.2,15.0,2.725
Hamstrings,160.1,2,90.2,7.3,7.918
Hamstrings,54.5,3,82.6,7.4,3.365
Hamstrings,193.2,2,61.9,11.6,2.584
Hamstrings,122.6,1,74.6,0.5,10.382
Hamstrings,11.5,3,83.9,6.4,1.166
Hamstrings,14.8,5,92.5,1.5,3.263
Hamstrings,177.6,3,80.4,6.0,6.515
Hamstrings,132.6,2,56.0,14.8,3.526
Hamstrings,155.0,3,75.0,11.3,4.04
Hamstrings,159.0,1,61.1,14.8,3.696
Hamstrings,89.9,2,56.9,11.2,3.91
Hamstrings,161.7,3,78.9,9.1,6.449
Calves,178.1,2,86.5,3.5,2.397
Calves,122.2,1,77.9,5.1,3.158
Calves,25.6,5,67.3,4.7,3.429
Calves,40.6,1,56.4,11.8,2.489
Calves,24.6,3,87.8,0.7,3.224
Calves,30.5,1,64.6,5.8,2.211
Calves,195.6,2,80.3,0.6,3.287
Calves,50.3,4,77.0,14.0,2.787
Calves,141.3,5,55.2,11.9,1.95
Calves,130.9,1,94.8,14.7,1.505
Calves,129.9,1,87.6,13.7,1.219
Calves,49.3,2,74.5,4.7,4.107
Calves,120.1,5,82.2,10.4,2.672
Calves,128.9,1,74.1,4.6,2.913
Calves,118.4,1,84.8,13.3,1.85
Calves,45.4,3,60.4,6.2,4.137
Calves,147.4,2,72.9,5.6,2.362
Calves,23.9,1,68.4,13.7,1.051
Calves,122.3,3,73.4,12.6,2.946
Calves,92.9,4,73.0,14.5,2.578
Calves,57.6,1,60.7,1.0,6.037
Calves,163.4,4,94.1,3.7,3.779
Calves,43.4,1,55.6,4.5,3.259
Calves,187.3,4,55.4,6.4,2.144
Calves,178.1,2,69.9,7.1,2.536
Calves,78.5,2,79.8,4.4,5.361
Calves,68.0,1,62.2,11.9,2.89
Calves,36.1,5,76.3,3.3,3.268
Calves,184.1,3,83.9,10.4,2.287
Calves,129.2,4,58.8,12.8,2.127
Calves,16.0,2,94.4,9.1,1.109
Calves,107.1,1,68.5,5.3,3.351
Calves,26.3,1,80.7,2.8,3.582
Calves,119.0,3,59.4,2.0,5.606
Calves,106.7,2,83.4,11.2,2.364
Calves,25.7,4,88.6,7.0,2.975
Calves,165.0,4,59.2,0.7,5.037
Calves,59.8,2,60.0,14.8,1.828
Calves,112.9,3,66.2,10.1,2.368
Calves,131.4,2,55.5,12.7,2.176
Calves,192.8,4,94.4,6.6,2.138
Calves,103.8,4,78.9,14.3,1.741
Calves,184.3,4,79.3,3.0,3.86
Calves,77.4,1,93.4,2.8,4.25
Calves,172.9,2,88.3,13.4,2.11
Calves,54.8,5,87.6,13.4,1.728
Calves,144.4,2,68.6,7.5,2.512
Calves,26.8,1,68.4,1.9,2.98
Calves,197.3,1,66.7,4.6,1.623
Calves,191.2,1,68.9,11.3,1.199
Calves,94.0,4,69.8,12.7,3.757
Calves,109.5,1,60.6,5.2,3.5
Calves,123.6,3,69.2,0.9,5.02
Calves,62.3,2,72.9,10.0,1.742
Calves,138.1,1,67.4,11.1,1.228
Calves,142.7,5,61.6,6.4,2.833
Calves,109.8,4,69.9,8.7,2.854
Calves,38.1,5,74.2,14.8,1.904
Calves,184.6,5,83.8,3.7,1.651
Calves,31.9,5,83.4,8.6,2.511
Calves,129.5,4,63.1,9.2,3.452
Calves,29.6,3,56.5,8.2,3.153
Calves,37.8,4,67.2,13.0,1.289
Calves,13.9,3,61.3,9.1,1.061
Calves,79.0,1,70.8,7.6,2.647
Calves,131.5,2,94.2,1.8,4.647
Calves,109.1,3,62.2,10.5,2.035
Calves,138.2,1,67.8,2.0,5.409
Calves,138.3,5,84.0,0.4,6.094
Calves,36.6,5,75.4,7.3,2.946
Calves,20.9,3,56.8,8.6,2.519
Calves,128.8,3,61.5,15.0,1.955
Calves,134.1,5,92.4,10.7,2.677
Calves,115.8,3,59.1,12.7,1.946
Calves,56.7,4,80.4,5.2,3.217
Calves,164.0,3,86.7,7.6,2.104
Calves,24.4,2,65.6,14.6,2.183
Calves,130.1,4,84.0,6.3,3.935
Calves,32.9,1,61.8,12.1,1.855
Calves,134.3,2,66.4,7.9,2.139
Calves,89.4,4,67.5,3.4,6.267
Calves,146.4,4,94.9,8.7,1.879
Calves,19.9,5,63.6,3.3,1.999
Calves,115.5,4,60.2,0.0,6.484
Calves,37.5,1,92.0,3.5,4.678
Calves,139.7,5,61.5,2.9,5.927
Calves,32.8,3,90.2,5.6,2.776
Calves,24.0,1,81.0,13.3,1.136
Calves,145.5,3,78.1,5.8,2.13
Calves,22.1,1,85.1,12.7,1.367
Calves,52.7,3,84.0,8.3,3.208
Calves,166.7,3,59.4,0.1,5.66
Calves,163.8,1,95.0,2.8,3.657
Calves,172.3,5,92.7,14.0,1.552
Calves,72.0,3,90.9,9.1,3.537
Calves,110.3,5,79.9,13.9,2.038
Calves,156.9,3,75.9,4.7,3.582
Calves,36.0,3,76.5,10.7,2.045
Calves,147.6,5,55.6,11.6,2.376
Calves,28.5,2,75.0,14.6,1.692
Calves,183.5,5,80.0,0.3,4.624
Calves,131.1,1,81.3,14.3,2.098
Calves,103.7,5,68.3,5.9,2.851
Calves,102.1,4,73.9,12.6,2.11
Calves,44.5,3,80.5,8.2,2.799
Calves,75.7,2,72.1,8.5,2.293
Calves,148.2,3,93.5,5.4,2.864
Calves,112.8,3,83.2,12.4,2.237
Calves,110.6,5,55.1,4.0,5.56
Calves,47.1,5,55.9,7.4,3.344
Calves,141.2,3,82.6,8.4,3.232
Calves,84.5,2,71.5,11.1,2.887
Calves,44.7,2,88.6,7.1,2.637
Calves,189.3,2,61.9,10.2,1.629
Calves,106.3,1,55.6,7.3,3.321
Calves,110.3,1,70.5,9.9,3.1
Calves,196.5,4,84.4,10.1,1.655
Calves,79.6,2,93.9,10.6,1.815
Calves,189.2,3,90.3,12.3,0.847
Calves,142.0,4,74.4,8.1,2.704
Calves,130.3,4,87.5,2.9,2.703
Calves,54.5,2,57.8,10.2,3.527
Calves,19.8,4,77.9,1.2,4.227
Calves,93.2,1,92.0,3.3,3.794
Calves,11.9,3,70.9,11.9,0.688
Calves,23.5,1,93.4,6.5,2.465
Calves,123.1,3,63.8,7.5,2.423
Calves,147.6,1,59.2,14.8,1.153
Calves,41.9,5,76.0,3.5,3.792
Calves,149.2,4,91.3,0.3,5.866
Calves,190.4,2,67.5,1.7,3.584
Calves,151.2,4,87.0,3.7,4.738
Calves,159.1,2,61.8,10.9,2.351
Calves,143.1,3,84.8,11.6,2.163
Calves,52.7,1,77.3,8.5,3.266
Calves,78.6,3,62.0,3.8,4.308
Calves,190.4,1,83.7,7.8,0.969
Calves,135.6,1,83.6,0.2,4.603
Calves,159.9,3,75.6,10.2,1.751
Calves,194.1,3,64.0,9.2,1.469
Calves,54.0,2,60.3,0.3,5.174
Calves,71.1,1,93.3,12.3,2.057
Calves,132.5,3,81.2,11.5,2.64
Calves,14.6,5,87.4,4.6,2.832
Calves,118.5,4,82.9,9.5,1.943
Calves,163.7,1,88.2,9.0,1.354
Calves,126.0,5,61.5,2.1,4.4
Calves,66.1,3,74.9,2.9,5.976
Calves,147.6,3,81.7,10.2,2.189
Calves,37.7,1,59.1,14.0,1.393
Calves,180.0,2,61.0,8.6,2.178
Calves,29.2,4,80.4,8.5,2.998
Calves,174.1,2,89.7,9.7,1.818
Calves,104.6,1,81.4,6.6,2.65
Calves,91.4,1,56.4,0.8,5.996
Calves,105.1,5,93.8,5.9,3.709
Calves,48.0,5,60.6,13.5,2.196
Calves,97.0,1,64.3,12.1,2.036
Calves,171.4,5,94.0,13.9,2.003
Calves,162.2,5,85.8,2.3,4.294
Calves,41.0,2,92.5,7.6,3.289
Calves,137.9,4,87.3,8.8,3.559
Calves,172.8,2,81.1,3.1,3.408
Calves,165.8,2,66.4,3.0,2.991
Calves,90.9,4,68.1,11.7,3.54
Calves,19.1,2,92.9,10.1,1.651
Calves,186.9,2,89.4,9.7,2.688
Calves,85.2,2,69.4,4.0,4.775
Calves,78.6,1,69.9,7.6,3.619
Calves,154.3,5,66.9,0.3,5.829
Calves,60.2,4,68.0,1.9,5.924
Calves,168.6,5,89.4,7.8,2.282
Calves,24.4,3,55.4,4.6,2.904
Calves,150.7,1,72.4,14.5,1.771
Calves,193.5,2,92.7,7.1,2.337
Calves,199.2,2,76.7,1.3,3.318
Calves,185.5,5,73.0,0.3,4.123
Calves,175.4,2,67.5,10.9,1.578
Calves,63.0,4,58.0,2.6,4.267
Calves,193.7,1,64.0,2.8,3.407
Calves,186.3,5,58.6,6.4,2.057
Calves,111.5,4,60.1,4.0,5.42
Calves,86.4,3,61.5,9.2,3.358
Calves,30.8,2,67.1,7.3,2.61
Calves,122.2,2,55.4,1.7,4.735
Calves,143.1,2,93.0,11.8,1.616
Calves,86.8,3,60.0,6.4,3.155
Calves,87.1,5,70.3,9.2,4.538
Calves,118.9,2,90.2,0.1,6.303
Calves,15.3,4,59.3,9.4,1.919
Calves,192.0,3,74.3,4.2,3.333
Calves,65.1,4,88.8,7.4,3.43
Calves,36.8,4,77.3,4.5,4.169
Calves,11.0,1,63.4,14.9,0.724
Calves,172.8,1,84.4,3.5,2.144
Calves,174.0,5,82.3,13.7,1.596
Calves,28.1,1,69.5,13.8,1.704
Calves,38.9,3,56.9,6.3,2.796
Calves,95.1,4,55.3,4.6,4.312
Calves,45.3,3,88.0,5.7,3.41
Calves,149.8,1,67.9,14.8,2.353
Calves,21.0,1,60.5,9.3,0.854
Calves,114.4,4,75.7,8.2,3.649
Calves,82.7,5,91.8,0.5,7.061
Calves,98.3,2,55.3,12.7,1.989
Calves,90.7,3,57.2,1.3,5.932
Calves,39.1,5,71.7,0.7,6.603
Calves,51.9,5,82.0,4.1,5.118
Calves,22.3,3,74.0,7.1,2.28
Calves,31.9,4,90.9,13.4,2.425
Calves,195.8,5,56.8,11.9,1.976
Calves,63.2,4,68.6,3.0,6.264
Calves,68.3,3,69.1,5.6,3.706
Calves,34.2,4,68.6,11.7,2.487
Calves,153.5,2,74.5,7.9,2.662
Calves,185.6,5,86.6,2.6,2.794
Calves,160.1,1,67.7,5.9,1.654
Calves,126.4,2,84.8,9.4,1.457
Calves,164.5,2,60.9,14.6,1.533
Calves,86.8,2,77.4,9.9,3.074
Calves,173.3,3,70.0,0.2,3.715
Calves,161.7,4,76.6,10.6,2.695
Calves,10.3,5,59.3,3.8,1.725
Calves,102.7,3,93.1,12.9,3.102
Calves,60.3,4,91.2,5.8,4.385
Calves,26.4,3,88.1,3.0,2.72
Calves,170.8,1,90.7,7.0,2.288
Calves,11.5,4,60.9,3.8,2.129
Calves,148.7,1,75.1,3.5,2.943
Calves,197.8,3,67.7,8.6,1.155
Calves,101.6,5,90.5,11.5,2.816
Calves,80.5,4,62.6,12.5,2.283
Calves,125.1,3,63.8,6.0,4.193
Calves,162.9,2,82.5,1.0,3.957
Calves,55.6,5,58.6,7.3,4.682
Calves,57.6,5,84.3,6.5,2.284
Calves,125.4,2,65.7,3.0,4.348
Calves,188.6,1,81.4,13.4,1.738
Calves,66.7,3,89.9,14.6,1.877
Calves,81.6,4,79.4,0.8,7.251
Calves,198.7,5,63.5,11.9,1.331
Calves,43.5,5,57.0,9.7,2.334
Calves,24.6,2,56.8,3.9,2.901
Calves,122.1,2,58.6,9.5,1.835
Calves,14.6,5,78.2,1.9,2.66
Calves,44.3,2,68.9,1.0,5.806
Calves,128.2,3,64.7,14.9,1.894
Calves,135.3,2,63.8,9.5,1.873
Calves,107.0,2,92.9,3.8,4.95
Calves,82.9,3,59.8,6.8,4.321
Calves,119.5,2,67.2,14.3,1.542
Calves,132.2,3,73.9,6.6,2.387
Calves,162.7,2,55.0,13.5,1.211
Calves,160.6,1,91.8,13.0,1.751
Calves,136.3,4,59.0,5.2,3.841
Calves,179.9,5,82.3,10.4,2.245
Calves,169.2,3,80.2,9.9,1.883
Calves,35.3,2,87.4,11.6,1.587
Calves,191.8,4,81.1,5.5,2.948
Calves,179.4,3,85.8,0.8,3.727
Calves,71.0,3,71.8,2.6,5.718
Calves,13.8,3,74.5,9.2,0.8
Calves,124.8,4,83.1,11.6,2.248
Calves,93.3,1,77.7,11.3,2.957
Calves,152.4,1,75.5,8.8,1.795
Calves,109.7,1,63.2,1.3,5.875
Calves,24.5,1,65.3,0.3,2.258
Calves,56.5,5,69.3,11.7,2.418
Calves,177.7,4,55.4,8.2,2.104
Calves,17.2,4,71.7,11.7,2.098
Calves,150.0,4,55.1,2.4,3.387
Calves,65.5,1,77.6,6.1,3.861
Calves,96.0,2,83.2,13.8,2.788
Calves,110.9,4,77.5,2.6,4.724
Calves,57.5,3,82.7,0.9,5.925
Calves,133.9,3,55.0,9.8,2.535
Calves,141.8,4,57.4,8.9,1.856
Calves,26.2,1,82.9,14.3,1.221
Calves,81.0,4,87.1,13.6,3.42
Calves,151.4,4,83.7,11.2,2.497
Calves,147.1,3,81.5,0.3,5.432
Calves,113.5,3,83.3,7.2,3.407
Calves,157.8,1,84.6,13.4,1.791
Calves,30.5,2,84.0,6.5,2.994
Calves,32.5,2,84.5,14.4,1.444
Calves,134.9,5,58.0,9.8,3.423
Calves,141.7,1,57.5,1.6,5.111
Calves,164.8,2,69.4,7.6,2.603
Calves,44.4,1,76.1,10.4,1.831
Calves,108.2,2,85.5,1.0,4.731
Calves,135.6,1,68.4,5.2,2.856
Calves,52.5,2,66.0,10.8,2.533
Calves,108.2,4,86.3,2.4,3.815
Calves,131.3,4,65.0,5.2,4.137
Calves,50.7,2,87.8,10.3,3.189
Calves,81.4,4,62.1,11.6,3.338
Calves,51.1,4,69.4,7.8,2.967
Calves,181.6,5,71.0,14.4,1.231
Calves,55.0,5,67.0,13.9,2.571
Calves,33.0,2,55.1,7.1,2.422
